ticket_id,subject,priority,status,created_date,created_at
TKT-1000,Software Installation Request,Critical,Resolved,2025-05-27,2025-05-27 06:02:11
TKT-1001,Password Reset Request,Low,Open,2025-05-01,2025-05-01 07:59:35
TKT-1002,VPN Connection Failed,Low,Resolved,2025-09-11,2025-09-11 12:10:43
TKT-1003,Mouse/Keyboard Malfunction,Medium,Open,2025-09-29,2025-09-29 21:07:53
TKT-1004,Laptop Screen Flickering,Medium,In Progress,2025-08-18,2025-08-18 00:58:24
TKT-1005,Password Reset Request,High,Open,2025-11-03,2025-11-03 02:30:13
TKT-1006,VPN Connection Failed,Critical,Resolved,2025-11-01,2025-11-01 12:12:17
TKT-1007,Software Installation Request,Critical,In Progress,2025-02-08,2025-02-08 02:49:37
TKT-1008,Printer Jammed,Medium,Open,2025-10-20,2025-10-20 00:10:19
TKT-1009,Wi-Fi Access Issue,Critical,Resolved,2025-04-30,2025-04-30 09:16:13
TKT-1010,Password Reset Request,High,Resolved,2025-06-16,2025-06-16 22:42:13
TKT-1011,Password Reset Request,Critical,Resolved,2025-10-08,2025-10-08 12:09:43
TKT-1012,Software Installation Request,Low,Pending User Action,2025-11-12,2025-11-12 13:59:01
TKT-1013,Wi-Fi Access Issue,Medium,Closed,2025-09-13,2025-09-13 21:39:44
TKT-1014,Mouse/Keyboard Malfunction,High,Pending User Action,2025-02-23,2025-02-23 09:38:00
TKT-1015,Blue Screen Error,High,Open,2025-01-23,2025-01-23 21:22:30
TKT-1016,Mouse/Keyboard Malfunction,Low,Pending User Action,2025-03-22,2025-03-22 02:29:22
TKT-1017,Mouse/Keyboard Malfunction,Critical,Closed,2025-10-21,2025-10-21 13:09:34
TKT-1018,Laptop Screen Flickering,Low,Resolved,2025-09-09,2025-09-09 23:42:14
TKT-1019,Laptop Screen Flickering,Critical,Resolved,2025-08-21,2025-08-21 20:20:15
TKT-1020,Printer Jammed,High,Closed,2025-11-20,2025-11-20 12:57:11
TKT-1021,Blue Screen Error,Low,In Progress,2025-07-05,2025-07-05 12:44:02
TKT-1022,Password Reset Request,High,Closed,2025-03-30,2025-03-30 16:24:33
TKT-1023,Printer Jammed,Low,Closed,2025-12-02,2025-12-02 10:20:02
TKT-1024,VPN Connection Failed,Critical,Pending User Action,2025-04-05,2025-04-05 04:58:36
TKT-1025,Blue Screen Error,Critical,Open,2025-03-01,2025-03-01 01:11:04
TKT-1026,Software Installation Request,Medium,In Progress,2025-04-15,2025-04-15 22:39:37
TKT-1027,System Slow Performance,Critical,Pending User Action,2025-11-11,2025-11-11 20:34:24
TKT-1028,Wi-Fi Access Issue,Medium,Closed,2025-10-16,2025-10-16 19:44:24
TKT-1029,Mouse/Keyboard Malfunction,High,Pending User Action,2025-08-14,2025-08-14 15:59:22
TKT-1030,Software Installation Request,Critical,Pending User Action,2025-03-17,2025-03-17 22:19:22
TKT-1031,Access to Shared Drive Denied,Low,Resolved,2025-03-29,2025-03-29 07:41:32
TKT-1032,Monitor Display Issue,Medium,Pending User Action,2025-07-18,2025-07-18 03:14:11
TKT-1033,Blue Screen Error,High,Closed,2025-05-08,2025-05-08 20:26:30
TKT-1034,Wi-Fi Access Issue,High,Pending User Action,2025-02-10,2025-02-10 03:28:18
TKT-1035,Monitor Display Issue,Critical,In Progress,2025-02-10,2025-02-10 01:10:59
TKT-1036,Mouse/Keyboard Malfunction,Critical,In Progress,2025-05-29,2025-05-29 00:04:32
TKT-1037,Laptop Screen Flickering,Medium,Open,2025-07-13,2025-07-13 19:57:29
TKT-1038,Printer Jammed,High,Open,2025-07-22,2025-07-22 23:35:37
TKT-1039,Software Installation Request,Medium,Pending User Action,2025-03-03,2025-03-03 01:46:06
TKT-1040,Monitor Display Issue,Low,In Progress,2025-05-28,2025-05-28 10:39:22
TKT-1041,Password Reset Request,Low,Open,2025-09-11,2025-09-11 05:27:25
TKT-1042,Mouse/Keyboard Malfunction,Medium,Closed,2025-11-18,2025-11-18 23:18:43
TKT-1043,VPN Connection Failed,Medium,Resolved,2025-03-08,2025-03-08 12:50:44
TKT-1044,System Slow Performance,High,Resolved,2025-06-29,2025-06-29 11:23:53
TKT-1045,System Slow Performance,Low,Pending User Action,2025-01-17,2025-01-17 18:28:32
TKT-1046,Blue Screen Error,Low,Closed,2025-01-15,2025-01-15 15:25:18
TKT-1047,Mouse/Keyboard Malfunction,High,Resolved,2025-03-10,2025-03-10 04:51:56
TKT-1048,System Slow Performance,Low,Open,2025-05-13,2025-05-13 16:27:03
TKT-1049,VPN Connection Failed,Low,In Progress,2025-12-06,2025-12-06 13:58:31
TKT-1050,VPN Connection Failed,Critical,Pending User Action,2025-05-28,2025-05-28 08:16:59
TKT-1051,Access to Shared Drive Denied,Critical,Resolved,2025-02-02,2025-02-02 02:05:40
TKT-1052,Access to Shared Drive Denied,Low,Pending User Action,2025-10-07,2025-10-07 20:35:02
TKT-1053,System Slow Performance,High,Closed,2025-10-09,2025-10-09 01:50:03
TKT-1054,Software Installation Request,High,In Progress,2025-09-09,2025-09-09 19:18:58
TKT-1055,Password Reset Request,Low,In Progress,2025-04-18,2025-04-18 06:05:26
TKT-1056,Password Reset Request,Low,Pending User Action,2025-04-01,2025-04-01 04:40:23
TKT-1057,Password Reset Request,High,Closed,2025-06-14,2025-06-14 14:04:04
TKT-1058,VPN Connection Failed,High,Pending User Action,2025-07-12,2025-07-12 00:32:52
TKT-1059,Printer Jammed,Critical,Resolved,2025-06-05,2025-06-05 01:48:02
TKT-1060,VPN Connection Failed,Low,Resolved,2025-08-16,2025-08-16 13:21:37
TKT-1061,Access to Shared Drive Denied,High,Pending User Action,2025-05-22,2025-05-22 11:51:25
TKT-1062,VPN Connection Failed,Low,Pending User Action,2025-01-05,2025-01-05 02:23:06
TKT-1063,Email Not Syncing,High,Closed,2025-08-12,2025-08-12 12:42:09
TKT-1064,Access to Shared Drive Denied,Low,Resolved,2025-03-22,2025-03-22 10:56:49
TKT-1065,Access to Shared Drive Denied,High,Pending User Action,2025-02-11,2025-02-11 07:45:58
TKT-1066,Software Installation Request,High,Open,2025-10-21,2025-10-21 09:18:00
TKT-1067,Laptop Screen Flickering,Low,Pending User Action,2025-04-06,2025-04-06 12:00:44
TKT-1068,Laptop Screen Flickering,High,Pending User Action,2025-03-17,2025-03-17 09:18:06
TKT-1069,Monitor Display Issue,Medium,Open,2025-01-06,2025-01-06 22:07:38
TKT-1070,Blue Screen Error,Critical,Pending User Action,2025-10-18,2025-10-18 21:44:01
TKT-1071,Email Not Syncing,Critical,Pending User Action,2025-08-23,2025-08-23 12:11:34
TKT-1072,Monitor Display Issue,Medium,Pending User Action,2025-08-13,2025-08-13 22:42:41
TKT-1073,Password Reset Request,High,Open,2025-04-01,2025-04-01 14:22:56
TKT-1074,Printer Jammed,Critical,Resolved,2025-07-26,2025-07-26 01:31:07
TKT-1075,Software Installation Request,Critical,In Progress,2025-11-01,2025-11-01 20:44:41
TKT-1076,Email Not Syncing,High,Open,2025-04-04,2025-04-04 22:20:53
TKT-1077,Password Reset Request,Medium,Resolved,2025-06-22,2025-06-22 06:30:10
TKT-1078,Mouse/Keyboard Malfunction,Critical,Pending User Action,2025-04-12,2025-04-12 23:25:24
TKT-1079,Email Not Syncing,Critical,Open,2025-03-27,2025-03-27 19:32:57
TKT-1080,Wi-Fi Access Issue,High,In Progress,2025-06-20,2025-06-20 01:45:05
TKT-1081,Password Reset Request,Low,In Progress,2025-09-04,2025-09-04 05:32:17
TKT-1082,Access to Shared Drive Denied,Low,Pending User Action,2025-05-15,2025-05-15 22:00:17
TKT-1083,Printer Jammed,Medium,Pending User Action,2025-06-11,2025-06-11 20:07:17
TKT-1084,Blue Screen Error,Critical,Closed,2025-08-16,2025-08-16 12:31:38
TKT-1085,Monitor Display Issue,Critical,Resolved,2025-01-06,2025-01-06 22:31:00
TKT-1086,Blue Screen Error,Critical,Closed,2025-05-08,2025-05-08 10:32:43
TKT-1087,Email Not Syncing,Low,Resolved,2025-05-02,2025-05-02 12:44:45
TKT-1088,Access to Shared Drive Denied,Medium,Closed,2025-01-01,2025-01-01 11:29:16
TKT-1089,Blue Screen Error,Low,In Progress,2025-08-19,2025-08-19 09:44:01
TKT-1090,Laptop Screen Flickering,Low,Pending User Action,2025-01-20,2025-01-20 21:11:56
TKT-1091,VPN Connection Failed,Low,In Progress,2025-04-01,2025-04-01 21:31:54
TKT-1092,Email Not Syncing,Critical,Resolved,2025-10-26,2025-10-26 08:29:44
TKT-1093,Blue Screen Error,Low,Open,2025-05-29,2025-05-29 21:15:39
TKT-1094,Laptop Screen Flickering,Critical,Open,2025-11-18,2025-11-18 06:22:44
TKT-1095,Access to Shared Drive Denied,High,Resolved,2025-02-15,2025-02-15 02:05:26
TKT-1096,Printer Jammed,High,Pending User Action,2025-09-27,2025-09-27 05:15:17
TKT-1097,Monitor Display Issue,Critical,Pending User Action,2025-03-16,2025-03-16 16:09:25
TKT-1098,Wi-Fi Access Issue,High,Open,2025-08-15,2025-08-15 10:44:46
TKT-1099,Printer Jammed,Critical,Open,2025-10-28,2025-10-28 08:32:54
TKT-1100,System Slow Performance,Critical,In Progress,2025-11-01,2025-11-01 00:54:41
TKT-1101,Password Reset Request,Medium,Pending User Action,2025-02-04,2025-02-04 02:59:22
TKT-1102,Password Reset Request,Critical,Resolved,2025-11-16,2025-11-16 14:36:15
TKT-1103,Access to Shared Drive Denied,Critical,Resolved,2025-02-01,2025-02-01 06:03:23
TKT-1104,System Slow Performance,Critical,In Progress,2025-02-26,2025-02-26 05:25:26
TKT-1105,Laptop Screen Flickering,High,Closed,2025-01-02,2025-01-02 06:49:34
TKT-1106,Access to Shared Drive Denied,Critical,Resolved,2025-01-04,2025-01-04 05:32:41
TKT-1107,Access to Shared Drive Denied,High,In Progress,2025-09-18,2025-09-18 04:11:02
TKT-1108,Email Not Syncing,Low,Closed,2025-08-28,2025-08-28 09:40:12
TKT-1109,Laptop Screen Flickering,Critical,Open,2025-07-28,2025-07-28 23:12:10
TKT-1110,Monitor Display Issue,High,Pending User Action,2024-12-14,2024-12-14 12:49:37
TKT-1111,Monitor Display Issue,High,Pending User Action,2025-11-30,2025-11-30 08:17:56
TKT-1112,Monitor Display Issue,Low,Closed,2025-09-25,2025-09-25 23:11:35
TKT-1113,Mouse/Keyboard Malfunction,Medium,Open,2025-01-02,2025-01-02 12:52:03
TKT-1114,Monitor Display Issue,Critical,Resolved,2025-06-15,2025-06-15 11:11:40
TKT-1115,Password Reset Request,Low,In Progress,2025-04-19,2025-04-19 11:40:19
TKT-1116,VPN Connection Failed,Medium,Pending User Action,2025-10-25,2025-10-25 23:41:49
TKT-1117,Monitor Display Issue,Critical,Open,2025-01-18,2025-01-18 20:17:31
TKT-1118,Printer Jammed,High,Pending User Action,2025-10-31,2025-10-31 01:11:05
TKT-1119,Mouse/Keyboard Malfunction,Critical,Closed,2025-07-13,2025-07-13 20:54:26
TKT-1120,System Slow Performance,Medium,Closed,2025-07-23,2025-07-23 02:10:29
TKT-1121,Access to Shared Drive Denied,Low,Pending User Action,2025-11-22,2025-11-22 06:11:32
TKT-1122,VPN Connection Failed,Low,In Progress,2025-04-21,2025-04-21 16:56:59
TKT-1123,Mouse/Keyboard Malfunction,Medium,In Progress,2025-09-12,2025-09-12 00:53:55
TKT-1124,Wi-Fi Access Issue,High,Resolved,2025-10-04,2025-10-04 04:34:38
TKT-1125,Blue Screen Error,Critical,In Progress,2025-03-02,2025-03-02 19:01:57
TKT-1126,VPN Connection Failed,Critical,Open,2025-04-05,2025-04-05 07:37:05
TKT-1127,VPN Connection Failed,High,Pending User Action,2025-11-02,2025-11-02 03:52:13
TKT-1128,Wi-Fi Access Issue,Critical,Resolved,2025-04-01,2025-04-01 06:36:12
TKT-1129,VPN Connection Failed,Low,Resolved,2025-02-10,2025-02-10 03:25:25
TKT-1130,Laptop Screen Flickering,Critical,In Progress,2024-12-17,2024-12-17 13:32:43
TKT-1131,Laptop Screen Flickering,High,Resolved,2025-02-08,2025-02-08 06:16:48
TKT-1132,Laptop Screen Flickering,Medium,Closed,2025-01-18,2025-01-18 13:09:03
TKT-1133,Monitor Display Issue,Critical,In Progress,2025-09-06,2025-09-06 19:09:43
TKT-1134,Wi-Fi Access Issue,Low,Pending User Action,2025-08-04,2025-08-04 17:33:34
TKT-1135,Mouse/Keyboard Malfunction,Low,Open,2025-01-01,2025-01-01 18:30:08
TKT-1136,Laptop Screen Flickering,High,In Progress,2025-07-08,2025-07-08 21:46:32
TKT-1137,System Slow Performance,Low,Resolved,2025-02-26,2025-02-26 10:07:53
TKT-1138,Software Installation Request,High,Open,2025-08-20,2025-08-20 12:26:54
TKT-1139,Blue Screen Error,Medium,Pending User Action,2025-04-29,2025-04-29 03:54:39
TKT-1140,Email Not Syncing,Critical,In Progress,2025-09-17,2025-09-17 14:07:48
TKT-1141,Access to Shared Drive Denied,Medium,Pending User Action,2025-06-10,2025-06-10 11:01:58
TKT-1142,Wi-Fi Access Issue,Medium,Pending User Action,2025-07-23,2025-07-23 18:51:38
TKT-1143,Email Not Syncing,High,Resolved,2025-06-18,2025-06-18 18:11:57
TKT-1144,Software Installation Request,High,Open,2025-01-25,2025-01-25 05:06:41
TKT-1145,Software Installation Request,Low,In Progress,2025-09-15,2025-09-15 13:11:56
TKT-1146,Laptop Screen Flickering,High,Open,2025-09-27,2025-09-27 21:08:11
TKT-1147,Laptop Screen Flickering,Medium,Pending User Action,2025-02-15,2025-02-15 19:34:10
TKT-1148,Access to Shared Drive Denied,High,Resolved,2025-11-26,2025-11-26 11:06:23
TKT-1149,System Slow Performance,Low,Open,2025-09-14,2025-09-14 09:13:33
TKT-1150,Laptop Screen Flickering,High,In Progress,2025-10-22,2025-10-22 04:24:39
TKT-1151,VPN Connection Failed,Critical,Open,2025-05-31,2025-05-31 02:55:58
TKT-1152,Software Installation Request,Critical,Closed,2025-04-10,2025-04-10 10:44:30
TKT-1153,Blue Screen Error,Low,Resolved,2025-11-02,2025-11-02 20:16:58
TKT-1154,Monitor Display Issue,Low,Pending User Action,2025-02-05,2025-02-05 18:49:16
TKT-1155,VPN Connection Failed,Critical,Resolved,2025-05-16,2025-05-16 21:25:06
TKT-1156,VPN Connection Failed,Medium,Open,2025-02-03,2025-02-03 20:02:04
TKT-1157,Access to Shared Drive Denied,Medium,Resolved,2025-06-24,2025-06-24 22:50:18
TKT-1158,Access to Shared Drive Denied,Medium,Pending User Action,2025-04-06,2025-04-06 23:30:01
TKT-1159,VPN Connection Failed,Low,Closed,2025-02-28,2025-02-28 21:04:49
TKT-1160,Software Installation Request,Medium,In Progress,2025-08-28,2025-08-28 01:11:12
TKT-1161,Password Reset Request,Low,Resolved,2025-01-28,2025-01-28 04:47:37
TKT-1162,Email Not Syncing,Critical,Pending User Action,2025-06-04,2025-06-04 04:41:36
TKT-1163,Wi-Fi Access Issue,Medium,Open,2025-06-28,2025-06-28 21:57:33
TKT-1164,VPN Connection Failed,Low,Resolved,2025-07-03,2025-07-03 04:55:00
TKT-1165,Blue Screen Error,Critical,Pending User Action,2025-04-09,2025-04-09 19:47:12
TKT-1166,System Slow Performance,Medium,Closed,2025-01-27,2025-01-27 14:23:06
TKT-1167,System Slow Performance,Low,In Progress,2025-09-07,2025-09-07 12:42:22
TKT-1168,Mouse/Keyboard Malfunction,Low,Closed,2025-03-05,2025-03-05 17:42:22
TKT-1169,Blue Screen Error,High,Open,2025-07-31,2025-07-31 08:21:35
TKT-1170,System Slow Performance,Critical,Open,2025-05-08,2025-05-08 19:16:52
TKT-1171,Blue Screen Error,Critical,Open,2025-06-18,2025-06-18 07:16:07
TKT-1172,Mouse/Keyboard Malfunction,Low,Resolved,2025-02-02,2025-02-02 17:41:40
TKT-1173,Mouse/Keyboard Malfunction,High,In Progress,2025-11-01,2025-11-01 17:59:31
TKT-1174,Access to Shared Drive Denied,Critical,Open,2025-09-01,2025-09-01 00:40:48
TKT-1175,Wi-Fi Access Issue,Low,Open,2025-12-03,2025-12-03 08:42:49
TKT-1176,VPN Connection Failed,Medium,In Progress,2025-06-16,2025-06-16 10:05:15
TKT-1177,Mouse/Keyboard Malfunction,Medium,In Progress,2025-10-20,2025-10-20 22:50:09
TKT-1178,Software Installation Request,High,In Progress,2025-12-03,2025-12-03 22:58:19
TKT-1179,Wi-Fi Access Issue,Medium,Resolved,2025-09-12,2025-09-12 06:46:30
TKT-1180,System Slow Performance,Medium,Open,2025-08-19,2025-08-19 09:11:12
TKT-1181,Password Reset Request,High,Resolved,2025-11-10,2025-11-10 13:22:15
TKT-1182,System Slow Performance,High,Open,2025-03-06,2025-03-06 01:17:56
TKT-1183,Wi-Fi Access Issue,Critical,Closed,2025-08-15,2025-08-15 05:02:11
TKT-1184,Monitor Display Issue,Critical,Resolved,2025-12-06,2025-12-06 21:53:19
TKT-1185,Email Not Syncing,Low,Resolved,2025-01-26,2025-01-26 11:24:40
TKT-1186,Monitor Display Issue,Critical,Closed,2025-04-17,2025-04-17 07:22:59
TKT-1187,Printer Jammed,Medium,Pending User Action,2025-08-22,2025-08-22 16:24:04
TKT-1188,Monitor Display Issue,Medium,Pending User Action,2025-10-01,2025-10-01 14:45:49
TKT-1189,Access to Shared Drive Denied,Low,Open,2025-06-07,2025-06-07 05:06:35
TKT-1190,Password Reset Request,High,Open,2025-04-11,2025-04-11 10:28:34
TKT-1191,Mouse/Keyboard Malfunction,Medium,Open,2025-04-18,2025-04-18 15:48:14
TKT-1192,Password Reset Request,Critical,Open,2025-03-28,2025-03-28 18:13:17
TKT-1193,VPN Connection Failed,Medium,Resolved,2025-02-13,2025-02-13 19:48:31
TKT-1194,Software Installation Request,Medium,Pending User Action,2025-01-21,2025-01-21 18:04:46
TKT-1195,VPN Connection Failed,Critical,Open,2024-12-24,2024-12-24 04:33:02
TKT-1196,Wi-Fi Access Issue,Low,Pending User Action,2025-12-08,2025-12-08 02:37:27
TKT-1197,Mouse/Keyboard Malfunction,Low,Pending User Action,2025-10-27,2025-10-27 01:13:29
TKT-1198,Software Installation Request,Low,In Progress,2025-08-28,2025-08-28 17:23:38
TKT-1199,VPN Connection Failed,Medium,Resolved,2025-09-29,2025-09-29 23:28:50
TKT-1200,Printer Jammed,Low,In Progress,2025-10-11,2025-10-11 18:47:36
TKT-1201,Laptop Screen Flickering,High,In Progress,2025-02-12,2025-02-12 03:18:54
TKT-1202,Laptop Screen Flickering,Critical,Resolved,2025-06-12,2025-06-12 23:40:48
TKT-1203,Mouse/Keyboard Malfunction,Low,Open,2025-03-01,2025-03-01 09:35:54
TKT-1204,System Slow Performance,Critical,In Progress,2025-12-07,2025-12-07 12:31:23
TKT-1205,Access to Shared Drive Denied,Medium,Pending User Action,2025-10-11,2025-10-11 08:17:02
TKT-1206,Email Not Syncing,Medium,Resolved,2025-08-19,2025-08-19 22:57:22
TKT-1207,System Slow Performance,Critical,Open,2025-09-21,2025-09-21 10:26:12
TKT-1208,Blue Screen Error,Medium,Closed,2024-12-19,2024-12-19 16:44:07
TKT-1209,Password Reset Request,Critical,Open,2025-05-04,2025-05-04 10:12:37
TKT-1210,Software Installation Request,High,Resolved,2024-12-27,2024-12-27 13:47:12
TKT-1211,Password Reset Request,Medium,Pending User Action,2025-12-11,2025-12-11 07:23:38
TKT-1212,Password Reset Request,Low,Open,2025-04-14,2025-04-14 21:28:00
TKT-1213,Blue Screen Error,High,Resolved,2025-03-13,2025-03-13 09:11:22
TKT-1214,Blue Screen Error,Low,Resolved,2025-09-23,2025-09-23 00:59:02
TKT-1215,Monitor Display Issue,Critical,Pending User Action,2025-01-01,2025-01-01 19:05:43
TKT-1216,Printer Jammed,Critical,Open,2025-07-29,2025-07-29 02:51:36
TKT-1217,System Slow Performance,Medium,Closed,2025-12-08,2025-12-08 23:53:57
TKT-1218,Access to Shared Drive Denied,Critical,Pending User Action,2025-09-07,2025-09-07 06:43:32
TKT-1219,Access to Shared Drive Denied,Critical,Closed,2025-12-02,2025-12-02 07:35:45
TKT-1220,Email Not Syncing,High,Closed,2025-05-31,2025-05-31 07:28:37
TKT-1221,Blue Screen Error,Critical,In Progress,2025-06-23,2025-06-23 16:51:38
TKT-1222,Email Not Syncing,Low,Open,2025-07-25,2025-07-25 03:12:09
TKT-1223,Wi-Fi Access Issue,High,Closed,2025-06-08,2025-06-08 15:21:16
TKT-1224,Mouse/Keyboard Malfunction,Critical,Closed,2025-03-12,2025-03-12 23:28:32
TKT-1225,Laptop Screen Flickering,High,In Progress,2025-02-05,2025-02-05 11:08:47
TKT-1226,VPN Connection Failed,Medium,Resolved,2025-08-14,2025-08-14 19:38:11
TKT-1227,Monitor Display Issue,Medium,Open,2025-03-15,2025-03-15 07:00:14
TKT-1228,Email Not Syncing,Critical,Resolved,2025-08-17,2025-08-17 09:56:04
TKT-1229,Blue Screen Error,Medium,Closed,2025-01-28,2025-01-28 11:23:17
TKT-1230,Printer Jammed,Critical,Pending User Action,2025-07-12,2025-07-12 18:47:14
TKT-1231,Email Not Syncing,Medium,Open,2024-12-28,2024-12-28 13:15:52
TKT-1232,Access to Shared Drive Denied,Critical,In Progress,2025-06-21,2025-06-21 18:44:16
TKT-1233,Wi-Fi Access Issue,Medium,Closed,2025-05-24,2025-05-24 03:28:51
TKT-1234,VPN Connection Failed,Critical,In Progress,2025-01-27,2025-01-27 16:10:50
TKT-1235,VPN Connection Failed,Medium,Open,2025-06-10,2025-06-10 22:15:39
TKT-1236,System Slow Performance,Critical,Resolved,2025-04-06,2025-04-06 13:28:56
TKT-1237,System Slow Performance,Critical,Open,2025-01-10,2025-01-10 19:00:17
TKT-1238,Monitor Display Issue,High,Closed,2025-02-23,2025-02-23 08:13:18
TKT-1239,Monitor Display Issue,Medium,Closed,2025-07-14,2025-07-14 09:28:25
TKT-1240,System Slow Performance,Critical,Closed,2025-09-18,2025-09-18 14:08:37
TKT-1241,Access to Shared Drive Denied,High,Open,2025-09-08,2025-09-08 08:27:40
TKT-1242,System Slow Performance,High,In Progress,2025-02-05,2025-02-05 07:10:27
TKT-1243,Wi-Fi Access Issue,Low,Resolved,2025-02-09,2025-02-09 13:01:55
TKT-1244,Wi-Fi Access Issue,Low,Closed,2025-11-03,2025-11-03 04:48:08
TKT-1245,VPN Connection Failed,Low,In Progress,2025-10-03,2025-10-03 00:33:09
TKT-1246,Laptop Screen Flickering,High,Open,2024-12-19,2024-12-19 06:00:17
TKT-1247,Email Not Syncing,High,Open,2025-05-02,2025-05-02 09:16:55
TKT-1248,Monitor Display Issue,Low,Pending User Action,2024-12-18,2024-12-18 01:09:03
TKT-1249,Monitor Display Issue,High,In Progress,2025-08-02,2025-08-02 04:20:48
TKT-1250,Blue Screen Error,High,Pending User Action,2025-02-04,2025-02-04 07:50:43
TKT-1251,VPN Connection Failed,High,Resolved,2025-04-01,2025-04-01 18:16:20
TKT-1252,Monitor Display Issue,Low,Resolved,2025-08-09,2025-08-09 16:31:36
TKT-1253,Wi-Fi Access Issue,High,Pending User Action,2025-08-21,2025-08-21 12:54:46
TKT-1254,VPN Connection Failed,Medium,Pending User Action,2025-10-03,2025-10-03 03:44:42
TKT-1255,Monitor Display Issue,High,Resolved,2025-09-18,2025-09-18 20:15:11
TKT-1256,Wi-Fi Access Issue,High,Pending User Action,2025-02-12,2025-02-12 08:56:12
TKT-1257,Blue Screen Error,High,Resolved,2025-09-15,2025-09-15 11:01:47
TKT-1258,System Slow Performance,Medium,Open,2025-07-13,2025-07-13 20:39:39
TKT-1259,Access to Shared Drive Denied,High,Pending User Action,2025-05-05,2025-05-05 18:40:16
TKT-1260,Access to Shared Drive Denied,Medium,In Progress,2025-01-03,2025-01-03 23:57:57
TKT-1261,Wi-Fi Access Issue,Critical,Resolved,2025-07-10,2025-07-10 01:47:14
TKT-1262,Blue Screen Error,Critical,Closed,2025-11-10,2025-11-10 15:01:44
TKT-1263,Monitor Display Issue,Medium,Resolved,2025-11-25,2025-11-25 16:06:36
TKT-1264,Password Reset Request,Low,In Progress,2025-09-08,2025-09-08 02:04:46
TKT-1265,Mouse/Keyboard Malfunction,Medium,In Progress,2025-07-07,2025-07-07 10:02:03
TKT-1266,Email Not Syncing,Medium,Closed,2025-09-26,2025-09-26 17:34:37
TKT-1267,System Slow Performance,Medium,Open,2025-04-15,2025-04-15 21:12:44
TKT-1268,Password Reset Request,Medium,Pending User Action,2025-01-26,2025-01-26 02:06:02
TKT-1269,System Slow Performance,High,Open,2025-12-10,2025-12-10 12:27:09
TKT-1270,Wi-Fi Access Issue,Medium,In Progress,2025-05-17,2025-05-17 02:23:08
TKT-1271,Software Installation Request,High,Closed,2025-07-02,2025-07-02 22:24:48
TKT-1272,Password Reset Request,Low,In Progress,2025-02-15,2025-02-15 13:23:49
TKT-1273,System Slow Performance,Critical,Pending User Action,2025-05-27,2025-05-27 23:15:48
TKT-1274,Blue Screen Error,High,Open,2025-11-08,2025-11-08 05:24:31
TKT-1275,System Slow Performance,Critical,In Progress,2025-11-14,2025-11-14 15:12:06
TKT-1276,Printer Jammed,High,Resolved,2025-08-19,2025-08-19 10:33:35
TKT-1277,Mouse/Keyboard Malfunction,Medium,Open,2025-04-18,2025-04-18 17:52:12
TKT-1278,Mouse/Keyboard Malfunction,Low,In Progress,2025-10-13,2025-10-13 06:29:25
TKT-1279,Blue Screen Error,High,Closed,2025-03-30,2025-03-30 23:29:08
TKT-1280,Software Installation Request,Critical,Resolved,2024-12-16,2024-12-16 11:42:37
TKT-1281,Access to Shared Drive Denied,Low,Open,2025-10-22,2025-10-22 07:19:23
TKT-1282,Email Not Syncing,Medium,Resolved,2025-05-04,2025-05-04 10:32:22
TKT-1283,Mouse/Keyboard Malfunction,Low,Open,2025-01-14,2025-01-14 15:20:15
TKT-1284,Wi-Fi Access Issue,Low,Closed,2025-09-23,2025-09-23 05:30:13
TKT-1285,Wi-Fi Access Issue,Medium,Open,2025-11-12,2025-11-12 06:09:42
TKT-1286,Mouse/Keyboard Malfunction,Low,Pending User Action,2025-10-26,2025-10-26 23:12:12
TKT-1287,Access to Shared Drive Denied,Low,Closed,2025-09-10,2025-09-10 06:57:23
TKT-1288,Email Not Syncing,Critical,Pending User Action,2025-02-23,2025-02-23 00:38:09
TKT-1289,Email Not Syncing,Low,Pending User Action,2025-04-26,2025-04-26 13:04:10
TKT-1290,Access to Shared Drive Denied,High,Open,2025-05-24,2025-05-24 15:16:27
TKT-1291,Mouse/Keyboard Malfunction,Low,In Progress,2025-11-09,2025-11-09 15:33:49
TKT-1292,Access to Shared Drive Denied,Critical,In Progress,2025-02-15,2025-02-15 02:43:34
TKT-1293,Password Reset Request,High,Closed,2025-04-18,2025-04-18 00:46:15
TKT-1294,Mouse/Keyboard Malfunction,Medium,Open,2025-07-26,2025-07-26 13:42:14
TKT-1295,Wi-Fi Access Issue,Critical,Closed,2025-11-26,2025-11-26 19:27:37
TKT-1296,System Slow Performance,Critical,Pending User Action,2025-08-06,2025-08-06 22:12:53
TKT-1297,Laptop Screen Flickering,High,In Progress,2025-06-15,2025-06-15 02:17:42
TKT-1298,Email Not Syncing,Low,Closed,2025-06-14,2025-06-14 11:44:41
TKT-1299,Blue Screen Error,Low,Resolved,2025-05-10,2025-05-10 17:29:54
TKT-1300,Laptop Screen Flickering,Low,Pending User Action,2025-11-22,2025-11-22 17:39:12
TKT-1301,Email Not Syncing,Medium,Closed,2025-04-05,2025-04-05 10:25:42
TKT-1302,Monitor Display Issue,High,Pending User Action,2025-01-20,2025-01-20 02:27:14
TKT-1303,Blue Screen Error,Medium,Resolved,2025-02-24,2025-02-24 14:45:06
TKT-1304,Software Installation Request,Critical,Pending User Action,2025-10-14,2025-10-14 20:29:10
TKT-1305,Software Installation Request,Low,In Progress,2025-02-02,2025-02-02 11:00:38
TKT-1306,Email Not Syncing,Medium,Resolved,2025-04-22,2025-04-22 16:15:30
TKT-1307,Laptop Screen Flickering,Medium,Resolved,2025-03-08,2025-03-08 23:24:42
TKT-1308,Wi-Fi Access Issue,Medium,Closed,2025-06-08,2025-06-08 09:19:39
TKT-1309,Mouse/Keyboard Malfunction,High,In Progress,2025-11-01,2025-11-01 09:59:30
TKT-1310,Mouse/Keyboard Malfunction,High,Pending User Action,2025-02-09,2025-02-09 21:54:39
TKT-1311,Blue Screen Error,Medium,Pending User Action,2025-06-12,2025-06-12 18:35:29
TKT-1312,Monitor Display Issue,Low,Pending User Action,2025-12-11,2025-12-11 08:22:59
TKT-1313,Access to Shared Drive Denied,Medium,Resolved,2025-03-12,2025-03-12 16:09:54
TKT-1314,Email Not Syncing,High,Pending User Action,2025-06-20,2025-06-20 01:36:58
TKT-1315,Mouse/Keyboard Malfunction,Low,Resolved,2025-08-29,2025-08-29 21:31:13
TKT-1316,Access to Shared Drive Denied,Low,Resolved,2025-06-08,2025-06-08 12:33:11
TKT-1317,Software Installation Request,Low,In Progress,2025-12-08,2025-12-08 02:02:18
TKT-1318,VPN Connection Failed,Medium,Resolved,2025-02-08,2025-02-08 00:41:30
TKT-1319,Mouse/Keyboard Malfunction,Medium,Closed,2025-01-03,2025-01-03 15:46:37
TKT-1320,Wi-Fi Access Issue,Medium,Pending User Action,2025-05-23,2025-05-23 07:07:07
TKT-1321,Monitor Display Issue,High,Open,2025-12-06,2025-12-06 06:13:16
TKT-1322,Blue Screen Error,Low,Open,2025-04-20,2025-04-20 14:43:30
TKT-1323,Monitor Display Issue,High,In Progress,2025-04-30,2025-04-30 07:11:57
TKT-1324,Access to Shared Drive Denied,Critical,Pending User Action,2025-06-17,2025-06-17 16:22:24
TKT-1325,VPN Connection Failed,Low,Closed,2025-04-04,2025-04-04 15:45:15
TKT-1326,Access to Shared Drive Denied,Medium,Open,2025-07-09,2025-07-09 16:01:03
TKT-1327,Printer Jammed,High,Pending User Action,2025-07-19,2025-07-19 21:36:40
TKT-1328,VPN Connection Failed,Medium,In Progress,2025-10-21,2025-10-21 11:21:31
TKT-1329,Wi-Fi Access Issue,High,Open,2025-07-18,2025-07-18 09:39:16
TKT-1330,Printer Jammed,High,In Progress,2025-08-08,2025-08-08 17:25:44
TKT-1331,Monitor Display Issue,Low,Closed,2025-04-27,2025-04-27 04:28:59
TKT-1332,Email Not Syncing,Critical,Open,2025-01-22,2025-01-22 07:37:02
TKT-1333,Monitor Display Issue,High,Open,2025-01-25,2025-01-25 20:53:45
TKT-1334,Printer Jammed,Critical,Pending User Action,2025-05-24,2025-05-24 16:08:03
TKT-1335,Monitor Display Issue,High,In Progress,2025-11-27,2025-11-27 17:49:01
TKT-1336,Access to Shared Drive Denied,Medium,Open,2025-02-13,2025-02-13 05:41:31
TKT-1337,Access to Shared Drive Denied,Medium,Pending User Action,2025-10-25,2025-10-25 04:07:23
TKT-1338,Monitor Display Issue,Medium,Open,2025-09-20,2025-09-20 12:05:11
TKT-1339,System Slow Performance,Low,Resolved,2025-01-01,2025-01-01 06:49:31
TKT-1340,Laptop Screen Flickering,High,Open,2025-03-04,2025-03-04 06:50:58
TKT-1341,VPN Connection Failed,Medium,Resolved,2025-08-20,2025-08-20 01:46:51
TKT-1342,Laptop Screen Flickering,Critical,Open,2025-11-30,2025-11-30 23:51:50
TKT-1343,Monitor Display Issue,Medium,Closed,2025-01-03,2025-01-03 00:34:17
TKT-1344,Software Installation Request,Low,Closed,2025-04-09,2025-04-09 08:30:59
TKT-1345,Software Installation Request,Medium,Resolved,2025-08-28,2025-08-28 21:22:38
TKT-1346,Printer Jammed,High,In Progress,2025-07-10,2025-07-10 06:12:35
TKT-1347,Blue Screen Error,High,Pending User Action,2025-03-27,2025-03-27 23:02:17
TKT-1348,System Slow Performance,Critical,Resolved,2025-02-07,2025-02-07 07:58:16
TKT-1349,Password Reset Request,High,Resolved,2025-02-17,2025-02-17 01:24:59
TKT-1350,Password Reset Request,Critical,In Progress,2025-04-22,2025-04-22 17:53:42
TKT-1351,Printer Jammed,Medium,Closed,2025-01-04,2025-01-04 07:50:40
TKT-1352,Email Not Syncing,Low,Open,2025-05-04,2025-05-04 00:16:55
TKT-1353,Monitor Display Issue,Critical,Pending User Action,2025-04-03,2025-04-03 04:36:49
TKT-1354,Blue Screen Error,High,Closed,2025-10-30,2025-10-30 22:57:52
TKT-1355,Password Reset Request,High,Resolved,2024-12-16,2024-12-16 20:08:11
TKT-1356,Software Installation Request,High,Open,2025-09-07,2025-09-07 02:36:07
TKT-1357,Email Not Syncing,Low,Pending User Action,2025-07-22,2025-07-22 07:44:12
TKT-1358,Blue Screen Error,High,Closed,2025-12-09,2025-12-09 18:42:41
TKT-1359,VPN Connection Failed,Medium,Open,2025-10-24,2025-10-24 20:43:57
TKT-1360,Email Not Syncing,Medium,Closed,2025-08-20,2025-08-20 09:32:33
TKT-1361,System Slow Performance,Critical,Resolved,2025-05-15,2025-05-15 05:25:34
TKT-1362,Laptop Screen Flickering,Critical,In Progress,2025-08-06,2025-08-06 11:04:21
TKT-1363,Software Installation Request,Medium,Pending User Action,2025-02-10,2025-02-10 23:20:45
TKT-1364,Email Not Syncing,Medium,Open,2025-06-13,2025-06-13 14:44:14
TKT-1365,Software Installation Request,Critical,Closed,2025-03-16,2025-03-16 16:27:08
TKT-1366,Mouse/Keyboard Malfunction,Low,Resolved,2025-04-11,2025-04-11 21:38:04
TKT-1367,Password Reset Request,High,Resolved,2025-09-05,2025-09-05 20:42:09
TKT-1368,VPN Connection Failed,Low,In Progress,2025-06-10,2025-06-10 17:20:07
TKT-1369,Blue Screen Error,Medium,In Progress,2025-02-24,2025-02-24 00:15:41
TKT-1370,Software Installation Request,Low,Closed,2025-02-06,2025-02-06 20:17:07
TKT-1371,Mouse/Keyboard Malfunction,High,Resolved,2025-05-04,2025-05-04 02:21:39
TKT-1372,Printer Jammed,Medium,Pending User Action,2025-10-31,2025-10-31 05:59:14
TKT-1373,Email Not Syncing,Critical,Open,2024-12-21,2024-12-21 17:29:50
TKT-1374,Laptop Screen Flickering,Low,Resolved,2025-02-11,2025-02-11 17:43:32
TKT-1375,Monitor Display Issue,Medium,Open,2025-02-04,2025-02-04 15:29:42
TKT-1376,Software Installation Request,Low,In Progress,2025-06-05,2025-06-05 04:39:05
TKT-1377,Mouse/Keyboard Malfunction,Medium,In Progress,2025-05-11,2025-05-11 07:49:30
TKT-1378,Wi-Fi Access Issue,High,Closed,2025-04-26,2025-04-26 23:57:06
TKT-1379,Blue Screen Error,High,Pending User Action,2024-12-23,2024-12-23 19:55:28
TKT-1380,System Slow Performance,High,Pending User Action,2025-05-02,2025-05-02 07:52:58
TKT-1381,Software Installation Request,Medium,In Progress,2025-01-02,2025-01-02 17:38:11
TKT-1382,Software Installation Request,High,Resolved,2025-01-23,2025-01-23 15:14:33
TKT-1383,Blue Screen Error,Medium,Resolved,2025-02-26,2025-02-26 07:11:08
TKT-1384,Email Not Syncing,Low,Open,2025-11-07,2025-11-07 00:50:07
TKT-1385,Laptop Screen Flickering,Critical,Resolved,2025-02-01,2025-02-01 04:23:57
TKT-1386,Laptop Screen Flickering,Medium,In Progress,2025-03-09,2025-03-09 14:49:58
TKT-1387,Printer Jammed,Critical,In Progress,2025-09-29,2025-09-29 06:10:42
TKT-1388,VPN Connection Failed,High,Closed,2025-06-30,2025-06-30 03:03:38
TKT-1389,Software Installation Request,Medium,Closed,2025-08-29,2025-08-29 04:52:03
TKT-1390,Email Not Syncing,Medium,Pending User Action,2025-05-17,2025-05-17 12:17:12
TKT-1391,Mouse/Keyboard Malfunction,Medium,In Progress,2025-06-14,2025-06-14 23:06:34
TKT-1392,Monitor Display Issue,High,In Progress,2025-11-23,2025-11-23 00:51:58
TKT-1393,Email Not Syncing,Low,Open,2025-10-11,2025-10-11 11:37:09
TKT-1394,VPN Connection Failed,Low,Closed,2025-03-03,2025-03-03 17:27:28
TKT-1395,System Slow Performance,High,Pending User Action,2025-06-30,2025-06-30 00:12:14
TKT-1396,System Slow Performance,High,Closed,2024-12-17,2024-12-17 23:47:46
TKT-1397,Laptop Screen Flickering,Critical,Open,2025-09-06,2025-09-06 22:37:59
TKT-1398,Printer Jammed,High,Open,2025-09-10,2025-09-10 20:56:12
TKT-1399,Monitor Display Issue,Critical,Pending User Action,2024-12-21,2024-12-21 03:02:33
TKT-1400,VPN Connection Failed,High,Open,2025-11-03,2025-11-03 13:45:46
TKT-1401,Mouse/Keyboard Malfunction,Medium,Pending User Action,2025-08-05,2025-08-05 20:42:13
TKT-1402,Blue Screen Error,Low,Resolved,2025-07-03,2025-07-03 20:12:12
TKT-1403,Access to Shared Drive Denied,High,Closed,2025-10-30,2025-10-30 09:59:23
TKT-1404,Printer Jammed,Critical,Resolved,2025-08-09,2025-08-09 06:33:37
TKT-1405,System Slow Performance,High,Pending User Action,2025-11-27,2025-11-27 10:49:39
TKT-1406,Blue Screen Error,Low,Open,2025-04-13,2025-04-13 03:47:30
TKT-1407,Printer Jammed,Medium,Pending User Action,2025-12-09,2025-12-09 16:38:39
TKT-1408,Printer Jammed,Low,Closed,2025-07-23,2025-07-23 13:13:49
TKT-1409,Password Reset Request,Low,Closed,2025-04-23,2025-04-23 08:21:39
TKT-1410,Laptop Screen Flickering,Medium,Pending User Action,2025-01-22,2025-01-22 02:23:48
TKT-1411,Access to Shared Drive Denied,Medium,In Progress,2025-09-04,2025-09-04 14:41:21
TKT-1412,Monitor Display Issue,Critical,Open,2025-04-20,2025-04-20 01:21:18
TKT-1413,Printer Jammed,High,Resolved,2025-11-29,2025-11-29 21:49:25
TKT-1414,Password Reset Request,Low,Pending User Action,2025-03-29,2025-03-29 20:56:26
TKT-1415,Blue Screen Error,High,Closed,2025-08-11,2025-08-11 04:23:35
TKT-1416,Access to Shared Drive Denied,Low,Resolved,2025-02-18,2025-02-18 00:16:26
TKT-1417,Monitor Display Issue,Critical,Closed,2025-10-14,2025-10-14 17:41:02
TKT-1418,Blue Screen Error,Low,Closed,2025-06-10,2025-06-10 04:30:49
TKT-1419,Blue Screen Error,Medium,Pending User Action,2025-09-22,2025-09-22 17:11:07
TKT-1420,Printer Jammed,Critical,Open,2025-05-24,2025-05-24 00:04:37
TKT-1421,Mouse/Keyboard Malfunction,High,Resolved,2025-01-01,2025-01-01 12:47:14
TKT-1422,System Slow Performance,Critical,In Progress,2024-12-30,2024-12-30 09:54:51
TKT-1423,Email Not Syncing,Medium,Pending User Action,2025-01-12,2025-01-12 13:57:54
TKT-1424,Printer Jammed,Critical,Pending User Action,2025-09-15,2025-09-15 21:06:21
TKT-1425,Access to Shared Drive Denied,Medium,Pending User Action,2025-12-02,2025-12-02 17:49:43
TKT-1426,Mouse/Keyboard Malfunction,High,Pending User Action,2025-08-03,2025-08-03 20:12:33
TKT-1427,VPN Connection Failed,Critical,Pending User Action,2025-04-20,2025-04-20 14:15:48
TKT-1428,Wi-Fi Access Issue,Medium,Resolved,2024-12-24,2024-12-24 15:44:05
TKT-1429,Mouse/Keyboard Malfunction,Low,In Progress,2025-05-14,2025-05-14 15:32:31
TKT-1430,Software Installation Request,Low,Closed,2025-07-17,2025-07-17 02:50:18
TKT-1431,VPN Connection Failed,High,Resolved,2025-06-05,2025-06-05 18:14:22
TKT-1432,Email Not Syncing,High,Open,2025-09-24,2025-09-24 07:39:10
TKT-1433,System Slow Performance,Low,Pending User Action,2024-12-20,2024-12-20 08:36:39
TKT-1434,Blue Screen Error,Critical,Closed,2025-08-22,2025-08-22 07:21:13
TKT-1435,Software Installation Request,Medium,In Progress,2025-05-02,2025-05-02 18:27:01
TKT-1436,Software Installation Request,Low,Pending User Action,2025-04-13,2025-04-13 07:07:27
TKT-1437,Email Not Syncing,Critical,Pending User Action,2025-03-25,2025-03-25 13:24:14
TKT-1438,Blue Screen Error,Medium,Pending User Action,2025-02-07,2025-02-07 22:57:57
TKT-1439,Blue Screen Error,Medium,Resolved,2025-06-19,2025-06-19 21:15:45
TKT-1440,Software Installation Request,Critical,Closed,2025-07-16,2025-07-16 04:03:00
TKT-1441,Password Reset Request,High,Pending User Action,2025-03-12,2025-03-12 09:15:50
TKT-1442,Wi-Fi Access Issue,Medium,Pending User Action,2025-05-13,2025-05-13 09:22:32
TKT-1443,Blue Screen Error,Medium,Open,2025-07-05,2025-07-05 23:58:45
TKT-1444,Password Reset Request,High,Open,2025-04-04,2025-04-04 03:50:38
TKT-1445,Email Not Syncing,Low,In Progress,2025-01-25,2025-01-25 21:43:09
TKT-1446,System Slow Performance,Low,Resolved,2025-09-10,2025-09-10 01:06:16
TKT-1447,Blue Screen Error,Medium,Closed,2025-05-31,2025-05-31 19:22:59
TKT-1448,VPN Connection Failed,Low,Open,2025-07-23,2025-07-23 10:41:38
TKT-1449,Monitor Display Issue,High,Resolved,2025-05-24,2025-05-24 05:28:01
TKT-1450,Printer Jammed,High,Pending User Action,2024-12-23,2024-12-23 23:38:31
TKT-1451,Software Installation Request,Low,Closed,2025-12-13,2025-12-13 12:07:15
TKT-1452,System Slow Performance,Low,Resolved,2024-12-16,2024-12-16 20:01:12
TKT-1453,VPN Connection Failed,Medium,Closed,2025-10-14,2025-10-14 22:20:25
TKT-1454,Email Not Syncing,Medium,In Progress,2025-07-02,2025-07-02 10:38:13
TKT-1455,Monitor Display Issue,Critical,Closed,2025-10-22,2025-10-22 07:38:42
TKT-1456,System Slow Performance,High,Resolved,2025-02-10,2025-02-10 10:36:38
TKT-1457,Monitor Display Issue,Medium,Resolved,2025-08-02,2025-08-02 14:06:41
TKT-1458,Password Reset Request,High,Resolved,2025-09-23,2025-09-23 19:11:10
TKT-1459,Wi-Fi Access Issue,Low,Pending User Action,2025-09-09,2025-09-09 10:23:16
TKT-1460,Monitor Display Issue,Critical,Open,2025-03-18,2025-03-18 16:45:26
TKT-1461,Access to Shared Drive Denied,Low,Open,2025-06-05,2025-06-05 00:22:47
TKT-1462,Email Not Syncing,Low,Open,2025-06-15,2025-06-15 22:58:20
TKT-1463,Wi-Fi Access Issue,Low,Open,2025-04-24,2025-04-24 02:14:05
TKT-1464,Email Not Syncing,Critical,Resolved,2025-05-17,2025-05-17 20:22:04
TKT-1465,Email Not Syncing,High,Closed,2025-06-07,2025-06-07 16:08:35
TKT-1466,System Slow Performance,Medium,Closed,2025-08-20,2025-08-20 07:01:13
TKT-1467,Access to Shared Drive Denied,Medium,Closed,2025-11-04,2025-11-04 18:48:08
TKT-1468,Wi-Fi Access Issue,Critical,Closed,2025-10-09,2025-10-09 15:10:27
TKT-1469,Wi-Fi Access Issue,Low,Resolved,2025-03-12,2025-03-12 06:01:01
TKT-1470,Blue Screen Error,High,Open,2025-04-03,2025-04-03 21:42:57
TKT-1471,Blue Screen Error,Critical,Open,2025-05-19,2025-05-19 13:47:05
TKT-1472,Access to Shared Drive Denied,Medium,Resolved,2025-11-28,2025-11-28 02:59:16
TKT-1473,Wi-Fi Access Issue,Medium,Pending User Action,2025-11-13,2025-11-13 15:24:54
TKT-1474,Software Installation Request,Medium,Resolved,2024-12-17,2024-12-17 07:59:38
TKT-1475,Blue Screen Error,Low,Resolved,2025-05-30,2025-05-30 17:42:48
TKT-1476,Blue Screen Error,Medium,Pending User Action,2025-07-01,2025-07-01 05:21:26
TKT-1477,Laptop Screen Flickering,High,In Progress,2025-03-14,2025-03-14 13:23:17
TKT-1478,Laptop Screen Flickering,Medium,In Progress,2025-06-25,2025-06-25 09:02:04
TKT-1479,Access to Shared Drive Denied,Medium,Pending User Action,2025-08-23,2025-08-23 05:55:30
TKT-1480,Monitor Display Issue,Critical,Pending User Action,2025-07-12,2025-07-12 22:48:45
TKT-1481,Laptop Screen Flickering,Critical,Closed,2024-12-25,2024-12-25 06:43:42
TKT-1482,VPN Connection Failed,High,In Progress,2025-06-02,2025-06-02 03:18:53
TKT-1483,Laptop Screen Flickering,High,In Progress,2024-12-30,2024-12-30 06:30:43
TKT-1484,Blue Screen Error,Low,Open,2025-04-14,2025-04-14 04:10:35
TKT-1485,Printer Jammed,Medium,Pending User Action,2025-02-28,2025-02-28 14:04:00
TKT-1486,System Slow Performance,Medium,Open,2025-04-15,2025-04-15 11:17:45
TKT-1487,System Slow Performance,Medium,In Progress,2024-12-26,2024-12-26 11:46:21
TKT-1488,VPN Connection Failed,Critical,Open,2025-06-19,2025-06-19 20:38:13
TKT-1489,VPN Connection Failed,Low,Closed,2025-04-07,2025-04-07 15:55:08
TKT-1490,System Slow Performance,Low,Resolved,2025-11-10,2025-11-10 16:44:56
TKT-1491,Printer Jammed,Critical,In Progress,2025-07-28,2025-07-28 00:47:41
TKT-1492,Laptop Screen Flickering,Medium,Pending User Action,2025-11-02,2025-11-02 09:12:17
TKT-1493,Printer Jammed,Medium,Pending User Action,2025-02-19,2025-02-19 03:45:51
TKT-1494,Software Installation Request,Low,Pending User Action,2025-03-02,2025-03-02 00:09:22
TKT-1495,Password Reset Request,High,Pending User Action,2025-09-09,2025-09-09 01:00:38
TKT-1496,Access to Shared Drive Denied,Critical,Open,2025-03-04,2025-03-04 02:58:18
TKT-1497,Blue Screen Error,Low,Resolved,2025-10-15,2025-10-15 22:11:39
TKT-1498,Laptop Screen Flickering,Critical,Open,2025-03-10,2025-03-10 19:19:02
TKT-1499,Wi-Fi Access Issue,High,Open,2025-06-14,2025-06-14 14:03:54
TKT-1500,Blue Screen Error,Low,Closed,2025-06-23,2025-06-23 21:36:17
TKT-1501,VPN Connection Failed,Critical,Closed,2025-07-22,2025-07-22 09:16:01
TKT-1502,System Slow Performance,Critical,Pending User Action,2025-09-12,2025-09-12 18:29:24
TKT-1503,Monitor Display Issue,Critical,Resolved,2025-12-10,2025-12-10 20:17:30
TKT-1504,Software Installation Request,Medium,Resolved,2025-05-18,2025-05-18 03:40:31
TKT-1505,Wi-Fi Access Issue,High,Closed,2025-07-12,2025-07-12 13:17:03
TKT-1506,VPN Connection Failed,Critical,Open,2025-10-05,2025-10-05 14:26:42
TKT-1507,System Slow Performance,Low,Closed,2025-01-23,2025-01-23 22:34:28
TKT-1508,Software Installation Request,Low,Open,2025-11-06,2025-11-06 23:26:07
TKT-1509,VPN Connection Failed,Critical,Pending User Action,2024-12-27,2024-12-27 10:38:45
TKT-1510,Access to Shared Drive Denied,High,In Progress,2025-02-01,2025-02-01 07:02:49
TKT-1511,Email Not Syncing,Medium,Closed,2024-12-29,2024-12-29 17:38:27
TKT-1512,Monitor Display Issue,Medium,Pending User Action,2025-06-13,2025-06-13 19:17:46
TKT-1513,Monitor Display Issue,High,Open,2025-03-26,2025-03-26 10:32:07
TKT-1514,Monitor Display Issue,Critical,Closed,2025-09-06,2025-09-06 13:08:52
TKT-1515,Email Not Syncing,High,In Progress,2025-11-26,2025-11-26 06:42:39
TKT-1516,Mouse/Keyboard Malfunction,Low,Pending User Action,2025-05-04,2025-05-04 06:51:10
TKT-1517,VPN Connection Failed,Low,In Progress,2025-05-16,2025-05-16 20:43:52
TKT-1518,VPN Connection Failed,Critical,Open,2025-09-17,2025-09-17 13:20:34
TKT-1519,Email Not Syncing,Critical,Open,2025-01-18,2025-01-18 10:57:26
TKT-1520,Monitor Display Issue,Critical,Closed,2025-03-06,2025-03-06 08:10:52
TKT-1521,Password Reset Request,Low,In Progress,2025-11-27,2025-11-27 19:09:56
TKT-1522,Mouse/Keyboard Malfunction,Medium,In Progress,2024-12-25,2024-12-25 01:00:33
TKT-1523,Monitor Display Issue,Medium,In Progress,2025-04-29,2025-04-29 15:56:11
TKT-1524,Software Installation Request,High,Open,2025-06-30,2025-06-30 21:11:36
TKT-1525,Wi-Fi Access Issue,High,In Progress,2025-09-07,2025-09-07 14:48:19
TKT-1526,System Slow Performance,Medium,Pending User Action,2025-10-09,2025-10-09 14:17:12
TKT-1527,Printer Jammed,Critical,Pending User Action,2025-06-13,2025-06-13 03:03:11
TKT-1528,System Slow Performance,High,Resolved,2025-08-27,2025-08-27 15:21:05
TKT-1529,Software Installation Request,High,Closed,2025-02-09,2025-02-09 14:50:47
TKT-1530,Email Not Syncing,High,Closed,2025-08-19,2025-08-19 05:00:51
TKT-1531,Wi-Fi Access Issue,High,Resolved,2025-08-17,2025-08-17 08:01:16
TKT-1532,VPN Connection Failed,High,Resolved,2025-06-28,2025-06-28 16:29:53
TKT-1533,Wi-Fi Access Issue,Low,Closed,2025-10-28,2025-10-28 20:58:00
TKT-1534,Printer Jammed,Low,Open,2025-11-18,2025-11-18 23:47:00
TKT-1535,Wi-Fi Access Issue,Critical,Resolved,2024-12-16,2024-12-16 06:03:05
TKT-1536,System Slow Performance,Medium,Resolved,2025-06-21,2025-06-21 02:13:13
TKT-1537,Blue Screen Error,High,In Progress,2025-02-14,2025-02-14 19:07:36
TKT-1538,Email Not Syncing,High,Open,2025-11-01,2025-11-01 19:00:07
TKT-1539,Printer Jammed,Medium,In Progress,2025-10-11,2025-10-11 12:25:39
TKT-1540,Password Reset Request,Low,Pending User Action,2025-07-31,2025-07-31 03:42:55
TKT-1541,Software Installation Request,High,Resolved,2025-12-01,2025-12-01 06:26:37
TKT-1542,Wi-Fi Access Issue,High,Resolved,2025-11-06,2025-11-06 08:58:11
TKT-1543,Monitor Display Issue,Medium,Pending User Action,2025-06-14,2025-06-14 20:39:07
TKT-1544,Printer Jammed,Medium,In Progress,2025-09-24,2025-09-24 20:12:34
TKT-1545,Mouse/Keyboard Malfunction,Critical,Open,2025-02-23,2025-02-23 08:03:08
TKT-1546,Email Not Syncing,Low,In Progress,2025-04-07,2025-04-07 14:40:59
TKT-1547,Printer Jammed,High,Pending User Action,2025-05-30,2025-05-30 07:45:06
TKT-1548,Password Reset Request,High,Resolved,2025-10-23,2025-10-23 20:22:29
TKT-1549,Laptop Screen Flickering,High,In Progress,2025-08-30,2025-08-30 07:19:46
TKT-1550,Wi-Fi Access Issue,Critical,Resolved,2025-07-23,2025-07-23 11:34:11
TKT-1551,Mouse/Keyboard Malfunction,Medium,Resolved,2025-01-31,2025-01-31 20:54:49
TKT-1552,Access to Shared Drive Denied,Low,Pending User Action,2025-07-21,2025-07-21 04:00:19
TKT-1553,System Slow Performance,Critical,In Progress,2025-11-16,2025-11-16 22:43:39
TKT-1554,Access to Shared Drive Denied,High,Pending User Action,2025-03-29,2025-03-29 16:56:56
TKT-1555,Password Reset Request,Medium,Pending User Action,2025-08-30,2025-08-30 11:12:12
TKT-1556,Software Installation Request,High,In Progress,2025-03-28,2025-03-28 05:35:54
TKT-1557,Blue Screen Error,High,Resolved,2025-04-09,2025-04-09 02:52:33
TKT-1558,Printer Jammed,Critical,In Progress,2025-11-14,2025-11-14 16:21:31
TKT-1559,Password Reset Request,Medium,Pending User Action,2025-03-07,2025-03-07 14:10:32
TKT-1560,VPN Connection Failed,Low,In Progress,2024-12-16,2024-12-16 23:59:30
TKT-1561,Monitor Display Issue,High,Closed,2025-02-14,2025-02-14 02:09:25
TKT-1562,Laptop Screen Flickering,Medium,In Progress,2025-09-03,2025-09-03 15:38:59
TKT-1563,Software Installation Request,Critical,Pending User Action,2025-03-08,2025-03-08 05:03:52
TKT-1564,Mouse/Keyboard Malfunction,High,Closed,2025-10-20,2025-10-20 01:36:38
TKT-1565,Laptop Screen Flickering,Critical,Pending User Action,2024-12-19,2024-12-19 01:46:28
TKT-1566,Printer Jammed,High,Closed,2025-06-05,2025-06-05 08:15:32
TKT-1567,Laptop Screen Flickering,Low,In Progress,2025-06-09,2025-06-09 22:52:13
TKT-1568,Monitor Display Issue,Low,Closed,2025-08-10,2025-08-10 14:44:41
TKT-1569,Blue Screen Error,Low,Pending User Action,2025-05-23,2025-05-23 05:29:13
TKT-1570,Email Not Syncing,Low,Resolved,2025-01-12,2025-01-12 09:38:04
TKT-1571,Laptop Screen Flickering,Low,In Progress,2025-11-12,2025-11-12 02:42:49
TKT-1572,Laptop Screen Flickering,Medium,Closed,2025-11-05,2025-11-05 22:34:02
TKT-1573,Mouse/Keyboard Malfunction,High,Closed,2025-02-10,2025-02-10 16:57:02
TKT-1574,Software Installation Request,Critical,In Progress,2025-07-26,2025-07-26 13:54:55
TKT-1575,Email Not Syncing,Low,Resolved,2025-03-13,2025-03-13 15:42:26
TKT-1576,Printer Jammed,Low,Resolved,2025-04-20,2025-04-20 13:21:20
TKT-1577,Blue Screen Error,Medium,Closed,2025-10-22,2025-10-22 22:52:32
TKT-1578,Monitor Display Issue,Critical,In Progress,2025-11-07,2025-11-07 05:52:59
TKT-1579,Access to Shared Drive Denied,Critical,Resolved,2025-06-24,2025-06-24 07:31:47
TKT-1580,System Slow Performance,Low,Resolved,2025-10-10,2025-10-10 16:05:19
TKT-1581,Blue Screen Error,Critical,Closed,2025-10-25,2025-10-25 00:09:56
TKT-1582,System Slow Performance,Critical,In Progress,2025-04-26,2025-04-26 09:54:10
TKT-1583,Printer Jammed,High,Resolved,2025-11-19,2025-11-19 02:30:30
TKT-1584,Wi-Fi Access Issue,Low,Closed,2025-12-10,2025-12-10 17:47:25
TKT-1585,Password Reset Request,Critical,Pending User Action,2025-04-06,2025-04-06 07:55:23
TKT-1586,Monitor Display Issue,Medium,In Progress,2025-03-25,2025-03-25 18:29:30
TKT-1587,System Slow Performance,Low,Open,2025-04-19,2025-04-19 00:48:00
TKT-1588,Laptop Screen Flickering,Low,Open,2025-07-03,2025-07-03 03:27:01
TKT-1589,Email Not Syncing,Low,In Progress,2025-04-06,2025-04-06 09:13:28
TKT-1590,Monitor Display Issue,Medium,Closed,2025-06-04,2025-06-04 06:17:29
TKT-1591,Software Installation Request,Low,Resolved,2025-04-15,2025-04-15 14:22:23
TKT-1592,Access to Shared Drive Denied,Low,Closed,2025-02-11,2025-02-11 04:02:00
TKT-1593,Mouse/Keyboard Malfunction,Low,Resolved,2025-07-01,2025-07-01 04:06:38
TKT-1594,Monitor Display Issue,Critical,Resolved,2025-05-17,2025-05-17 21:16:42
TKT-1595,VPN Connection Failed,Critical,In Progress,2025-01-15,2025-01-15 06:41:09
TKT-1596,Email Not Syncing,Low,Closed,2025-04-11,2025-04-11 20:04:53
TKT-1597,VPN Connection Failed,High,Closed,2024-12-27,2024-12-27 16:36:51
TKT-1598,Monitor Display Issue,Critical,Open,2025-03-01,2025-03-01 05:02:31
TKT-1599,Wi-Fi Access Issue,Critical,Open,2025-08-24,2025-08-24 11:18:06
TKT-1600,VPN Connection Failed,Low,Pending User Action,2025-09-30,2025-09-30 01:29:12
TKT-1601,Mouse/Keyboard Malfunction,Medium,In Progress,2025-10-09,2025-10-09 09:21:15
TKT-1602,Wi-Fi Access Issue,High,Pending User Action,2025-06-23,2025-06-23 16:52:34
TKT-1603,VPN Connection Failed,Critical,In Progress,2025-09-22,2025-09-22 15:46:38
TKT-1604,Password Reset Request,Critical,In Progress,2025-10-26,2025-10-26 00:51:00
TKT-1605,Laptop Screen Flickering,Low,Closed,2025-09-24,2025-09-24 05:46:09
TKT-1606,Software Installation Request,High,Open,2025-02-23,2025-02-23 19:15:22
TKT-1607,Password Reset Request,Low,Closed,2025-05-07,2025-05-07 09:05:34
TKT-1608,System Slow Performance,Low,Closed,2024-12-20,2024-12-20 23:11:12
TKT-1609,System Slow Performance,Medium,Closed,2025-06-26,2025-06-26 11:36:54
TKT-1610,Laptop Screen Flickering,High,In Progress,2025-07-01,2025-07-01 04:29:15
TKT-1611,Email Not Syncing,Low,Open,2025-04-22,2025-04-22 01:57:02
TKT-1612,Monitor Display Issue,High,Open,2025-05-25,2025-05-25 06:41:20
TKT-1613,VPN Connection Failed,Critical,In Progress,2025-02-06,2025-02-06 17:51:06
TKT-1614,Laptop Screen Flickering,High,Open,2025-07-18,2025-07-18 09:03:39
TKT-1615,VPN Connection Failed,Medium,Pending User Action,2025-07-04,2025-07-04 11:31:31
TKT-1616,Blue Screen Error,Low,Open,2025-08-03,2025-08-03 10:57:28
TKT-1617,Laptop Screen Flickering,High,Closed,2025-07-06,2025-07-06 04:46:13
TKT-1618,System Slow Performance,Medium,In Progress,2025-03-12,2025-03-12 03:16:20
TKT-1619,System Slow Performance,Critical,Pending User Action,2025-01-18,2025-01-18 16:36:45
TKT-1620,Email Not Syncing,High,Closed,2025-08-19,2025-08-19 01:13:09
TKT-1621,Wi-Fi Access Issue,Low,Open,2025-09-26,2025-09-26 03:50:45
TKT-1622,Email Not Syncing,High,Closed,2025-06-18,2025-06-18 17:31:16
TKT-1623,VPN Connection Failed,Critical,In Progress,2025-01-15,2025-01-15 16:01:25
TKT-1624,Blue Screen Error,Critical,In Progress,2025-02-19,2025-02-19 14:20:42
TKT-1625,Wi-Fi Access Issue,Critical,Open,2025-05-26,2025-05-26 16:16:48
TKT-1626,Mouse/Keyboard Malfunction,Critical,Open,2025-01-21,2025-01-21 05:05:51
TKT-1627,Email Not Syncing,High,In Progress,2025-01-03,2025-01-03 09:00:57
TKT-1628,Email Not Syncing,High,Pending User Action,2025-05-18,2025-05-18 09:32:13
TKT-1629,VPN Connection Failed,High,Open,2025-04-30,2025-04-30 15:08:16
TKT-1630,Monitor Display Issue,Medium,Pending User Action,2025-06-21,2025-06-21 12:25:24
TKT-1631,Laptop Screen Flickering,Critical,In Progress,2025-06-25,2025-06-25 20:19:19
TKT-1632,Wi-Fi Access Issue,High,In Progress,2025-08-14,2025-08-14 02:28:41
TKT-1633,VPN Connection Failed,Low,In Progress,2025-11-09,2025-11-09 22:10:33
TKT-1634,Laptop Screen Flickering,Medium,Resolved,2025-12-03,2025-12-03 08:52:49
TKT-1635,Email Not Syncing,Medium,Open,2025-04-11,2025-04-11 12:41:43
TKT-1636,Email Not Syncing,Critical,Open,2025-11-19,2025-11-19 07:47:05
TKT-1637,System Slow Performance,Critical,Resolved,2025-06-08,2025-06-08 04:31:57
TKT-1638,Software Installation Request,High,In Progress,2025-11-14,2025-11-14 23:16:46
TKT-1639,Access to Shared Drive Denied,Critical,In Progress,2025-11-05,2025-11-05 03:16:31
TKT-1640,Blue Screen Error,Low,Open,2025-05-01,2025-05-01 00:36:42
TKT-1641,Printer Jammed,High,Closed,2025-02-20,2025-02-20 22:14:56
TKT-1642,VPN Connection Failed,High,Open,2025-05-23,2025-05-23 10:30:00
TKT-1643,VPN Connection Failed,Medium,Closed,2025-11-08,2025-11-08 11:46:18
TKT-1644,System Slow Performance,Critical,Pending User Action,2024-12-23,2024-12-23 13:27:25
TKT-1645,Blue Screen Error,Medium,Resolved,2025-01-22,2025-01-22 05:20:43
TKT-1646,Password Reset Request,Critical,Closed,2024-12-31,2024-12-31 19:00:13
TKT-1647,Laptop Screen Flickering,High,Resolved,2025-07-06,2025-07-06 23:31:38
TKT-1648,Wi-Fi Access Issue,Critical,In Progress,2025-05-12,2025-05-12 20:42:03
TKT-1649,Software Installation Request,High,Resolved,2025-06-02,2025-06-02 07:31:26
TKT-1650,Software Installation Request,High,Resolved,2025-10-19,2025-10-19 11:19:55
TKT-1651,Email Not Syncing,Medium,Resolved,2025-08-11,2025-08-11 10:42:41
TKT-1652,Wi-Fi Access Issue,Critical,In Progress,2025-02-22,2025-02-22 23:16:01
TKT-1653,Blue Screen Error,Medium,In Progress,2025-09-08,2025-09-08 11:12:27
TKT-1654,Blue Screen Error,Low,Closed,2025-12-13,2025-12-13 07:23:26
TKT-1655,Email Not Syncing,Low,Resolved,2025-02-13,2025-02-13 03:51:48
TKT-1656,Mouse/Keyboard Malfunction,Critical,Closed,2025-01-29,2025-01-29 23:51:31
TKT-1657,Password Reset Request,Medium,Open,2025-03-25,2025-03-25 00:36:05
TKT-1658,Blue Screen Error,Medium,Resolved,2025-08-20,2025-08-20 05:17:28
TKT-1659,Mouse/Keyboard Malfunction,Medium,Closed,2025-01-05,2025-01-05 01:13:06
TKT-1660,Email Not Syncing,High,Resolved,2025-10-09,2025-10-09 11:36:51
TKT-1661,Access to Shared Drive Denied,Medium,Closed,2025-03-09,2025-03-09 09:43:12
TKT-1662,System Slow Performance,Critical,Resolved,2025-05-17,2025-05-17 01:21:12
TKT-1663,Software Installation Request,Low,Open,2025-02-07,2025-02-07 22:03:14
TKT-1664,Software Installation Request,Low,Resolved,2025-12-12,2025-12-12 07:47:53
TKT-1665,Email Not Syncing,Critical,Closed,2025-08-09,2025-08-09 18:16:09
TKT-1666,System Slow Performance,Medium,In Progress,2025-07-15,2025-07-15 00:34:46
TKT-1667,Wi-Fi Access Issue,High,Resolved,2025-01-09,2025-01-09 05:35:37
TKT-1668,Password Reset Request,Low,Resolved,2024-12-31,2024-12-31 16:37:29
TKT-1669,Software Installation Request,Low,In Progress,2025-07-12,2025-07-12 21:04:32
TKT-1670,Mouse/Keyboard Malfunction,Low,Pending User Action,2025-07-08,2025-07-08 20:03:05
TKT-1671,Wi-Fi Access Issue,Medium,Closed,2025-07-13,2025-07-13 23:48:48
TKT-1672,Wi-Fi Access Issue,Medium,In Progress,2025-01-25,2025-01-25 12:15:59
TKT-1673,Email Not Syncing,Medium,Pending User Action,2025-05-04,2025-05-04 13:24:15
TKT-1674,VPN Connection Failed,High,Closed,2025-05-21,2025-05-21 00:35:43
TKT-1675,VPN Connection Failed,Critical,In Progress,2025-02-17,2025-02-17 06:38:47
TKT-1676,Email Not Syncing,High,Open,2025-01-14,2025-01-14 11:38:05
TKT-1677,Access to Shared Drive Denied,Medium,Open,2025-10-21,2025-10-21 22:37:15
TKT-1678,Software Installation Request,Low,Closed,2025-10-20,2025-10-20 13:07:15
TKT-1679,Access to Shared Drive Denied,High,Open,2025-02-23,2025-02-23 09:12:09
TKT-1680,Blue Screen Error,Critical,Pending User Action,2025-11-02,2025-11-02 12:05:19
TKT-1681,Laptop Screen Flickering,Medium,Closed,2025-01-22,2025-01-22 14:42:36
TKT-1682,Monitor Display Issue,Critical,In Progress,2025-06-12,2025-06-12 10:54:10
TKT-1683,Monitor Display Issue,Critical,Pending User Action,2025-10-22,2025-10-22 20:56:43
TKT-1684,Mouse/Keyboard Malfunction,Medium,Resolved,2025-04-17,2025-04-17 01:30:48
TKT-1685,Mouse/Keyboard Malfunction,Critical,Open,2025-07-30,2025-07-30 07:09:25
TKT-1686,Mouse/Keyboard Malfunction,Low,Pending User Action,2025-05-17,2025-05-17 01:17:28
TKT-1687,VPN Connection Failed,Low,Pending User Action,2024-12-26,2024-12-26 00:35:52
TKT-1688,Blue Screen Error,High,In Progress,2025-03-30,2025-03-30 18:03:51
TKT-1689,Mouse/Keyboard Malfunction,Critical,In Progress,2024-12-13,2024-12-13 20:06:34
TKT-1690,Mouse/Keyboard Malfunction,High,Pending User Action,2025-07-02,2025-07-02 08:47:08
TKT-1691,Password Reset Request,Critical,Pending User Action,2025-02-18,2025-02-18 05:08:21
TKT-1692,Email Not Syncing,Low,Open,2025-10-30,2025-10-30 03:04:10
TKT-1693,Mouse/Keyboard Malfunction,Low,Open,2025-05-05,2025-05-05 03:35:54
TKT-1694,Software Installation Request,High,Closed,2025-07-19,2025-07-19 06:32:38
TKT-1695,Mouse/Keyboard Malfunction,Critical,Pending User Action,2025-05-12,2025-05-12 01:01:57
TKT-1696,Software Installation Request,Medium,Resolved,2025-09-17,2025-09-17 22:05:33
TKT-1697,Laptop Screen Flickering,Medium,Closed,2025-03-21,2025-03-21 23:20:58
TKT-1698,Wi-Fi Access Issue,Low,Closed,2024-12-21,2024-12-21 23:40:18
TKT-1699,Blue Screen Error,Medium,Closed,2025-02-08,2025-02-08 23:57:59
TKT-1700,Software Installation Request,Low,Closed,2024-12-29,2024-12-29 08:43:06
TKT-1701,Access to Shared Drive Denied,High,Closed,2025-03-28,2025-03-28 11:55:59
TKT-1702,System Slow Performance,Medium,Resolved,2025-01-27,2025-01-27 04:51:26
TKT-1703,Mouse/Keyboard Malfunction,High,Resolved,2025-05-01,2025-05-01 11:43:54
TKT-1704,VPN Connection Failed,Medium,In Progress,2025-07-03,2025-07-03 12:34:43
TKT-1705,VPN Connection Failed,Low,Open,2025-01-27,2025-01-27 03:41:29
TKT-1706,Software Installation Request,Critical,Pending User Action,2025-11-14,2025-11-14 02:29:33
TKT-1707,Laptop Screen Flickering,High,Closed,2025-07-26,2025-07-26 20:04:21
TKT-1708,VPN Connection Failed,Low,Resolved,2025-10-13,2025-10-13 20:34:55
TKT-1709,Password Reset Request,High,Resolved,2025-10-22,2025-10-22 02:37:44
TKT-1710,Software Installation Request,High,Open,2025-12-08,2025-12-08 04:36:17
TKT-1711,Monitor Display Issue,Critical,Pending User Action,2025-12-12,2025-12-12 04:19:19
TKT-1712,Printer Jammed,High,Open,2025-03-22,2025-03-22 03:35:50
TKT-1713,Blue Screen Error,Critical,Resolved,2025-09-25,2025-09-25 22:50:09
TKT-1714,VPN Connection Failed,Low,Resolved,2025-06-13,2025-06-13 22:36:15
TKT-1715,Password Reset Request,Critical,Closed,2024-12-17,2024-12-17 20:45:21
TKT-1716,Printer Jammed,Low,In Progress,2025-09-17,2025-09-17 07:23:02
TKT-1717,Wi-Fi Access Issue,High,Closed,2025-05-31,2025-05-31 05:00:12
TKT-1718,Monitor Display Issue,Medium,Resolved,2025-10-06,2025-10-06 19:59:05
TKT-1719,Printer Jammed,Critical,In Progress,2025-08-17,2025-08-17 03:51:33
TKT-1720,Access to Shared Drive Denied,Low,In Progress,2025-05-22,2025-05-22 09:31:11
TKT-1721,Blue Screen Error,Medium,Closed,2025-11-16,2025-11-16 18:59:23
TKT-1722,Email Not Syncing,Critical,Closed,2025-09-13,2025-09-13 08:07:59
TKT-1723,Email Not Syncing,Medium,Pending User Action,2025-09-07,2025-09-07 20:43:23
TKT-1724,Monitor Display Issue,Low,Closed,2025-05-21,2025-05-21 13:30:37
TKT-1725,Software Installation Request,Critical,Resolved,2025-03-01,2025-03-01 10:25:04
TKT-1726,VPN Connection Failed,Critical,Resolved,2025-08-06,2025-08-06 14:59:54
TKT-1727,Printer Jammed,Medium,Closed,2024-12-27,2024-12-27 09:15:11
TKT-1728,Wi-Fi Access Issue,Critical,Resolved,2025-04-24,2025-04-24 09:06:52
TKT-1729,Password Reset Request,Low,Closed,2025-08-06,2025-08-06 11:52:28
TKT-1730,Printer Jammed,Critical,Closed,2025-02-27,2025-02-27 09:08:20
TKT-1731,VPN Connection Failed,Medium,Pending User Action,2025-01-24,2025-01-24 23:00:31
TKT-1732,System Slow Performance,Low,Resolved,2025-07-11,2025-07-11 21:51:31
TKT-1733,Software Installation Request,Low,Open,2025-02-13,2025-02-13 11:40:25
TKT-1734,System Slow Performance,Low,Open,2025-02-27,2025-02-27 06:21:24
TKT-1735,Laptop Screen Flickering,Critical,Open,2025-06-20,2025-06-20 15:16:04
TKT-1736,System Slow Performance,Critical,In Progress,2025-07-22,2025-07-22 18:12:28
TKT-1737,Laptop Screen Flickering,Medium,Resolved,2025-02-28,2025-02-28 02:41:24
TKT-1738,System Slow Performance,Critical,Resolved,2024-12-18,2024-12-18 19:43:05
TKT-1739,VPN Connection Failed,Critical,In Progress,2025-09-25,2025-09-25 18:25:02
TKT-1740,Blue Screen Error,Medium,Closed,2024-12-25,2024-12-25 10:52:19
TKT-1741,Software Installation Request,Critical,Pending User Action,2025-07-31,2025-07-31 23:39:49
TKT-1742,VPN Connection Failed,High,In Progress,2025-08-13,2025-08-13 03:30:05
TKT-1743,Password Reset Request,High,Resolved,2025-06-15,2025-06-15 03:04:18
TKT-1744,Wi-Fi Access Issue,Medium,In Progress,2025-12-05,2025-12-05 22:52:36
TKT-1745,Blue Screen Error,High,In Progress,2025-03-29,2025-03-29 02:42:06
TKT-1746,Password Reset Request,Medium,Closed,2025-02-25,2025-02-25 05:50:17
TKT-1747,VPN Connection Failed,Low,Pending User Action,2025-09-28,2025-09-28 14:27:33
TKT-1748,Access to Shared Drive Denied,Medium,Resolved,2025-06-21,2025-06-21 13:02:24
TKT-1749,Monitor Display Issue,Critical,Open,2025-01-28,2025-01-28 22:49:50
TKT-1750,Email Not Syncing,Low,Closed,2025-11-07,2025-11-07 19:58:11
TKT-1751,Software Installation Request,Low,Resolved,2025-08-23,2025-08-23 14:00:16
TKT-1752,Monitor Display Issue,Medium,Resolved,2025-01-02,2025-01-02 02:47:21
TKT-1753,System Slow Performance,Medium,Closed,2025-04-22,2025-04-22 01:55:30
TKT-1754,Monitor Display Issue,Critical,Closed,2025-10-14,2025-10-14 09:15:28
TKT-1755,Software Installation Request,Critical,Open,2025-03-05,2025-03-05 20:30:53
TKT-1756,System Slow Performance,Low,Closed,2025-03-27,2025-03-27 12:47:53
TKT-1757,Access to Shared Drive Denied,Low,Closed,2025-01-21,2025-01-21 05:03:50
TKT-1758,Access to Shared Drive Denied,Low,Resolved,2025-05-22,2025-05-22 03:56:40
TKT-1759,VPN Connection Failed,Medium,Pending User Action,2025-06-05,2025-06-05 19:50:02
TKT-1760,Software Installation Request,Low,Pending User Action,2025-04-13,2025-04-13 04:25:56
TKT-1761,Blue Screen Error,High,Pending User Action,2025-05-31,2025-05-31 18:17:10
TKT-1762,Printer Jammed,Critical,Closed,2025-10-18,2025-10-18 16:18:54
TKT-1763,Password Reset Request,Low,Open,2025-11-29,2025-11-29 06:16:49
TKT-1764,Monitor Display Issue,Low,Resolved,2025-10-15,2025-10-15 18:50:07
TKT-1765,Wi-Fi Access Issue,Critical,Pending User Action,2025-10-12,2025-10-12 15:36:19
TKT-1766,Software Installation Request,Medium,In Progress,2025-09-02,2025-09-02 17:20:38
TKT-1767,VPN Connection Failed,Critical,In Progress,2025-02-21,2025-02-21 01:56:26
TKT-1768,Password Reset Request,Medium,Open,2025-09-03,2025-09-03 07:20:05
TKT-1769,Wi-Fi Access Issue,Low,Resolved,2025-08-28,2025-08-28 16:03:55
TKT-1770,Software Installation Request,Low,Resolved,2025-06-06,2025-06-06 21:37:09
TKT-1771,Monitor Display Issue,Low,Closed,2025-05-16,2025-05-16 21:44:45
TKT-1772,Software Installation Request,Low,Open,2025-09-29,2025-09-29 18:21:01
TKT-1773,Blue Screen Error,Critical,Open,2025-01-18,2025-01-18 22:40:24
TKT-1774,Printer Jammed,Critical,Open,2025-08-22,2025-08-22 21:03:41
TKT-1775,VPN Connection Failed,Medium,In Progress,2025-03-04,2025-03-04 14:53:02
TKT-1776,Software Installation Request,Low,Closed,2025-02-19,2025-02-19 09:44:49
TKT-1777,Software Installation Request,Low,Open,2025-02-28,2025-02-28 23:21:14
TKT-1778,Printer Jammed,Medium,Open,2025-03-29,2025-03-29 12:28:39
TKT-1779,Password Reset Request,Low,Open,2025-06-18,2025-06-18 08:35:29
TKT-1780,Software Installation Request,Low,In Progress,2025-03-30,2025-03-30 04:58:04
TKT-1781,Laptop Screen Flickering,High,Resolved,2025-06-24,2025-06-24 22:58:05
TKT-1782,VPN Connection Failed,Low,Pending User Action,2025-05-22,2025-05-22 20:15:33
TKT-1783,VPN Connection Failed,Critical,Closed,2025-07-30,2025-07-30 13:12:23
TKT-1784,Mouse/Keyboard Malfunction,Critical,Pending User Action,2025-02-19,2025-02-19 19:35:48
TKT-1785,Blue Screen Error,Low,Open,2024-12-29,2024-12-29 03:05:08
TKT-1786,Laptop Screen Flickering,Critical,Resolved,2024-12-16,2024-12-16 17:59:05
TKT-1787,Software Installation Request,High,Resolved,2025-08-15,2025-08-15 06:22:38
TKT-1788,VPN Connection Failed,Critical,Pending User Action,2025-07-05,2025-07-05 14:55:21
TKT-1789,Email Not Syncing,Medium,In Progress,2025-01-22,2025-01-22 16:07:47
TKT-1790,Blue Screen Error,High,Open,2025-04-10,2025-04-10 03:11:48
TKT-1791,Mouse/Keyboard Malfunction,High,Pending User Action,2025-02-28,2025-02-28 07:17:41
TKT-1792,Laptop Screen Flickering,Low,Closed,2025-04-22,2025-04-22 03:36:32
TKT-1793,Access to Shared Drive Denied,Low,Open,2025-10-13,2025-10-13 04:39:05
TKT-1794,Wi-Fi Access Issue,High,Closed,2025-02-22,2025-02-22 15:14:57
TKT-1795,VPN Connection Failed,Medium,In Progress,2025-06-29,2025-06-29 05:03:54
TKT-1796,Software Installation Request,Medium,In Progress,2025-09-05,2025-09-05 04:54:57
TKT-1797,Access to Shared Drive Denied,Critical,In Progress,2025-09-09,2025-09-09 19:23:03
TKT-1798,Software Installation Request,Critical,In Progress,2025-02-06,2025-02-06 23:21:25
TKT-1799,Email Not Syncing,Critical,In Progress,2024-12-22,2024-12-22 00:33:19
TKT-1800,Printer Jammed,High,In Progress,2025-10-09,2025-10-09 12:32:21
TKT-1801,Wi-Fi Access Issue,High,Pending User Action,2025-01-07,2025-01-07 23:25:11
TKT-1802,Laptop Screen Flickering,Critical,Open,2025-05-07,2025-05-07 13:55:21
TKT-1803,System Slow Performance,Medium,Open,2025-01-06,2025-01-06 19:36:00
TKT-1804,Printer Jammed,High,Closed,2025-10-31,2025-10-31 10:24:43
TKT-1805,VPN Connection Failed,High,Resolved,2024-12-30,2024-12-30 23:12:54
TKT-1806,System Slow Performance,Medium,Resolved,2025-05-20,2025-05-20 16:13:05
TKT-1807,Access to Shared Drive Denied,Critical,Pending User Action,2025-04-19,2025-04-19 09:04:11
TKT-1808,Access to Shared Drive Denied,Medium,In Progress,2025-08-18,2025-08-18 15:41:57
TKT-1809,Wi-Fi Access Issue,Medium,Pending User Action,2025-01-26,2025-01-26 15:39:57
TKT-1810,Wi-Fi Access Issue,Low,In Progress,2025-08-03,2025-08-03 03:42:38
TKT-1811,VPN Connection Failed,High,Open,2025-10-06,2025-10-06 05:11:26
TKT-1812,Access to Shared Drive Denied,Critical,Closed,2025-09-19,2025-09-19 17:21:13
TKT-1813,Email Not Syncing,Critical,Pending User Action,2025-12-13,2025-12-13 06:00:47
TKT-1814,VPN Connection Failed,High,Pending User Action,2025-09-22,2025-09-22 23:12:15
TKT-1815,Printer Jammed,Critical,Resolved,2025-07-29,2025-07-29 15:37:54
TKT-1816,Access to Shared Drive Denied,Medium,Open,2025-08-31,2025-08-31 07:04:07
TKT-1817,Email Not Syncing,Low,Resolved,2025-06-13,2025-06-13 08:42:44
TKT-1818,Software Installation Request,Critical,Resolved,2025-06-15,2025-06-15 20:50:54
TKT-1819,Blue Screen Error,Medium,Closed,2025-08-01,2025-08-01 21:41:57
TKT-1820,Monitor Display Issue,Medium,Open,2025-07-17,2025-07-17 08:42:19
TKT-1821,Password Reset Request,Low,Closed,2025-08-21,2025-08-21 02:38:51
TKT-1822,Printer Jammed,Critical,In Progress,2025-02-07,2025-02-07 17:14:17
TKT-1823,Password Reset Request,Low,Resolved,2025-01-15,2025-01-15 20:51:03
TKT-1824,Wi-Fi Access Issue,Medium,In Progress,2025-07-06,2025-07-06 15:12:24
TKT-1825,Access to Shared Drive Denied,Critical,Open,2025-01-21,2025-01-21 16:56:20
TKT-1826,Software Installation Request,Low,Open,2025-10-06,2025-10-06 06:11:56
TKT-1827,Printer Jammed,Medium,Pending User Action,2025-10-28,2025-10-28 13:11:59
TKT-1828,Blue Screen Error,Medium,Pending User Action,2025-07-06,2025-07-06 23:53:39
TKT-1829,Access to Shared Drive Denied,High,Resolved,2025-06-27,2025-06-27 22:59:02
TKT-1830,Password Reset Request,High,Pending User Action,2025-07-23,2025-07-23 16:59:56
TKT-1831,Monitor Display Issue,Critical,Closed,2025-06-16,2025-06-16 23:41:54
TKT-1832,Monitor Display Issue,Low,In Progress,2025-07-06,2025-07-06 19:23:41
TKT-1833,Email Not Syncing,Critical,In Progress,2025-11-22,2025-11-22 19:36:48
TKT-1834,Mouse/Keyboard Malfunction,Critical,Resolved,2025-11-02,2025-11-02 19:35:21
TKT-1835,Access to Shared Drive Denied,Low,Resolved,2025-03-08,2025-03-08 00:07:15
TKT-1836,Laptop Screen Flickering,High,Open,2025-06-12,2025-06-12 04:54:57
TKT-1837,VPN Connection Failed,Critical,Resolved,2025-03-07,2025-03-07 21:29:10
TKT-1838,Printer Jammed,Low,Pending User Action,2025-05-20,2025-05-20 04:49:45
TKT-1839,Printer Jammed,High,Pending User Action,2025-10-28,2025-10-28 01:59:28
TKT-1840,Monitor Display Issue,Low,Pending User Action,2025-08-03,2025-08-03 00:29:24
TKT-1841,Laptop Screen Flickering,Low,Resolved,2025-11-06,2025-11-06 21:41:02
TKT-1842,Software Installation Request,Medium,Resolved,2025-08-20,2025-08-20 14:51:57
TKT-1843,Access to Shared Drive Denied,Critical,Closed,2025-07-17,2025-07-17 05:53:21
TKT-1844,Monitor Display Issue,Medium,Closed,2025-11-23,2025-11-23 20:51:40
TKT-1845,Password Reset Request,Low,Pending User Action,2024-12-24,2024-12-24 06:15:09
TKT-1846,Wi-Fi Access Issue,Medium,Pending User Action,2025-11-06,2025-11-06 07:21:09
TKT-1847,System Slow Performance,High,Open,2025-08-17,2025-08-17 05:58:01
TKT-1848,System Slow Performance,Low,Open,2025-01-10,2025-01-10 21:23:50
TKT-1849,Laptop Screen Flickering,Critical,Closed,2025-04-05,2025-04-05 15:48:03
TKT-1850,Printer Jammed,Medium,In Progress,2025-02-26,2025-02-26 05:18:23
TKT-1851,Laptop Screen Flickering,Medium,Open,2025-06-12,2025-06-12 01:58:59
TKT-1852,Wi-Fi Access Issue,Critical,Open,2025-07-18,2025-07-18 05:46:26
TKT-1853,Wi-Fi Access Issue,Critical,Resolved,2025-09-28,2025-09-28 20:55:00
TKT-1854,Password Reset Request,High,Pending User Action,2025-04-20,2025-04-20 05:22:45
TKT-1855,VPN Connection Failed,High,Pending User Action,2025-04-14,2025-04-14 10:58:46
TKT-1856,Wi-Fi Access Issue,Low,Resolved,2025-01-03,2025-01-03 14:53:08
TKT-1857,Wi-Fi Access Issue,Low,In Progress,2025-01-02,2025-01-02 04:21:12
TKT-1858,Blue Screen Error,Critical,In Progress,2025-03-29,2025-03-29 11:26:26
TKT-1859,Password Reset Request,Low,Resolved,2025-03-23,2025-03-23 19:08:36
TKT-1860,System Slow Performance,Medium,Pending User Action,2025-02-26,2025-02-26 03:46:35
TKT-1861,Email Not Syncing,Critical,Open,2025-11-27,2025-11-27 02:32:24
TKT-1862,Wi-Fi Access Issue,High,Resolved,2025-01-27,2025-01-27 16:19:36
TKT-1863,Mouse/Keyboard Malfunction,High,Pending User Action,2024-12-14,2024-12-14 07:32:15
TKT-1864,System Slow Performance,High,In Progress,2025-01-24,2025-01-24 09:26:08
TKT-1865,Access to Shared Drive Denied,Low,Open,2025-02-13,2025-02-13 23:25:36
TKT-1866,VPN Connection Failed,Medium,Open,2025-08-30,2025-08-30 02:39:38
TKT-1867,Laptop Screen Flickering,Medium,Resolved,2025-09-18,2025-09-18 10:39:14
TKT-1868,Mouse/Keyboard Malfunction,Medium,Open,2025-05-05,2025-05-05 04:49:59
TKT-1869,Access to Shared Drive Denied,Medium,Closed,2025-03-12,2025-03-12 17:59:18
TKT-1870,Blue Screen Error,Low,Resolved,2024-12-15,2024-12-15 00:36:27
TKT-1871,Access to Shared Drive Denied,Low,In Progress,2025-01-30,2025-01-30 21:30:58
TKT-1872,Email Not Syncing,Medium,Closed,2025-05-29,2025-05-29 19:44:22
TKT-1873,Laptop Screen Flickering,Medium,Open,2025-04-24,2025-04-24 05:47:14
TKT-1874,Email Not Syncing,High,Closed,2025-09-09,2025-09-09 09:48:52
TKT-1875,Wi-Fi Access Issue,Medium,Pending User Action,2025-09-17,2025-09-17 12:42:46
TKT-1876,System Slow Performance,Low,Pending User Action,2025-08-18,2025-08-18 11:39:48
TKT-1877,Blue Screen Error,Critical,Closed,2025-12-06,2025-12-06 07:37:07
TKT-1878,System Slow Performance,High,In Progress,2025-02-20,2025-02-20 17:41:14
TKT-1879,Blue Screen Error,High,In Progress,2025-09-24,2025-09-24 03:02:24
TKT-1880,Wi-Fi Access Issue,Critical,In Progress,2025-10-22,2025-10-22 11:09:43
TKT-1881,Blue Screen Error,Low,Open,2025-09-02,2025-09-02 18:13:46
TKT-1882,System Slow Performance,Critical,In Progress,2025-03-12,2025-03-12 09:26:51
TKT-1883,Printer Jammed,High,In Progress,2025-02-01,2025-02-01 21:41:24
TKT-1884,Monitor Display Issue,Medium,Open,2025-06-04,2025-06-04 15:28:19
TKT-1885,System Slow Performance,Critical,Pending User Action,2025-09-26,2025-09-26 07:59:24
TKT-1886,Access to Shared Drive Denied,High,In Progress,2025-08-10,2025-08-10 06:59:01
TKT-1887,Software Installation Request,High,Closed,2025-01-10,2025-01-10 04:16:53
TKT-1888,VPN Connection Failed,Medium,Open,2025-03-27,2025-03-27 13:27:18
TKT-1889,Blue Screen Error,Low,Closed,2025-11-30,2025-11-30 06:36:24
TKT-1890,Printer Jammed,Low,Pending User Action,2025-12-06,2025-12-06 22:51:16
TKT-1891,Access to Shared Drive Denied,High,Open,2025-04-17,2025-04-17 14:42:46
TKT-1892,VPN Connection Failed,Medium,Open,2025-10-17,2025-10-17 08:36:09
TKT-1893,Wi-Fi Access Issue,Critical,Closed,2025-11-22,2025-11-22 11:38:25
TKT-1894,System Slow Performance,Critical,Pending User Action,2025-06-22,2025-06-22 07:10:27
TKT-1895,Blue Screen Error,High,Pending User Action,2025-07-03,2025-07-03 01:22:07
TKT-1896,Access to Shared Drive Denied,Low,Closed,2025-06-28,2025-06-28 15:49:12
TKT-1897,Mouse/Keyboard Malfunction,High,Resolved,2025-09-16,2025-09-16 18:55:12
TKT-1898,Software Installation Request,Low,Pending User Action,2025-02-22,2025-02-22 04:03:06
TKT-1899,Access to Shared Drive Denied,Medium,Open,2025-11-15,2025-11-15 07:21:49
TKT-1900,Password Reset Request,High,Open,2025-02-02,2025-02-02 04:42:38
TKT-1901,Software Installation Request,High,Pending User Action,2025-09-05,2025-09-05 21:45:47
TKT-1902,Access to Shared Drive Denied,Medium,Pending User Action,2025-04-23,2025-04-23 11:31:07
TKT-1903,System Slow Performance,Critical,Closed,2025-07-20,2025-07-20 12:38:09
TKT-1904,System Slow Performance,High,In Progress,2025-04-08,2025-04-08 02:03:46
TKT-1905,Blue Screen Error,Low,Pending User Action,2025-09-03,2025-09-03 07:12:24
TKT-1906,Email Not Syncing,High,Closed,2025-02-17,2025-02-17 21:35:43
TKT-1907,Access to Shared Drive Denied,High,Open,2025-02-01,2025-02-01 05:22:41
TKT-1908,Software Installation Request,Low,In Progress,2025-11-30,2025-11-30 21:30:59
TKT-1909,Email Not Syncing,Medium,Pending User Action,2024-12-26,2024-12-26 18:15:30
TKT-1910,Blue Screen Error,High,Resolved,2025-04-06,2025-04-06 22:45:34
TKT-1911,Laptop Screen Flickering,Medium,Pending User Action,2025-05-12,2025-05-12 18:23:21
TKT-1912,VPN Connection Failed,High,Pending User Action,2025-08-21,2025-08-21 10:42:37
TKT-1913,Printer Jammed,Medium,In Progress,2025-09-07,2025-09-07 19:06:14
TKT-1914,System Slow Performance,Critical,Resolved,2025-09-23,2025-09-23 00:00:11
TKT-1915,Wi-Fi Access Issue,Critical,Closed,2025-11-11,2025-11-11 19:34:44
TKT-1916,Blue Screen Error,Medium,Pending User Action,2025-01-07,2025-01-07 15:26:51
TKT-1917,System Slow Performance,Low,Open,2025-01-28,2025-01-28 21:15:41
TKT-1918,System Slow Performance,Medium,Closed,2025-08-04,2025-08-04 03:17:39
TKT-1919,Email Not Syncing,Low,Closed,2025-10-11,2025-10-11 12:56:35
TKT-1920,Wi-Fi Access Issue,Critical,Pending User Action,2025-09-07,2025-09-07 00:04:51
TKT-1921,Monitor Display Issue,Critical,Open,2025-01-21,2025-01-21 15:07:35
TKT-1922,Laptop Screen Flickering,Critical,In Progress,2025-07-10,2025-07-10 12:11:54
TKT-1923,Mouse/Keyboard Malfunction,Low,Resolved,2024-12-16,2024-12-16 06:11:33
TKT-1924,Password Reset Request,Low,In Progress,2025-07-15,2025-07-15 09:49:07
TKT-1925,Wi-Fi Access Issue,Critical,Open,2025-08-30,2025-08-30 19:05:39
TKT-1926,Wi-Fi Access Issue,Medium,Pending User Action,2025-08-13,2025-08-13 18:30:26
TKT-1927,Monitor Display Issue,High,Resolved,2025-08-05,2025-08-05 01:52:53
TKT-1928,Printer Jammed,High,Closed,2025-05-29,2025-05-29 08:51:12
TKT-1929,VPN Connection Failed,High,Resolved,2025-02-05,2025-02-05 15:11:46
TKT-1930,Laptop Screen Flickering,Medium,Open,2025-02-15,2025-02-15 09:23:16
TKT-1931,Printer Jammed,Critical,Open,2025-03-14,2025-03-14 04:49:20
TKT-1932,Access to Shared Drive Denied,High,Pending User Action,2025-10-08,2025-10-08 16:57:26
TKT-1933,Wi-Fi Access Issue,Low,Open,2025-05-20,2025-05-20 06:56:17
TKT-1934,VPN Connection Failed,Medium,Open,2025-12-03,2025-12-03 04:54:10
TKT-1935,Blue Screen Error,Medium,Resolved,2025-07-16,2025-07-16 20:15:00
TKT-1936,Blue Screen Error,Critical,Pending User Action,2025-06-17,2025-06-17 06:42:01
TKT-1937,Wi-Fi Access Issue,Critical,Resolved,2025-11-12,2025-11-12 06:48:04
TKT-1938,Software Installation Request,High,Pending User Action,2025-03-08,2025-03-08 19:40:47
TKT-1939,Monitor Display Issue,High,Pending User Action,2024-12-28,2024-12-28 11:13:37
TKT-1940,Mouse/Keyboard Malfunction,Critical,Closed,2025-06-30,2025-06-30 15:35:28
TKT-1941,Wi-Fi Access Issue,Medium,Closed,2025-11-17,2025-11-17 08:24:15
TKT-1942,Monitor Display Issue,Medium,In Progress,2025-04-18,2025-04-18 09:28:57
TKT-1943,Email Not Syncing,Critical,Closed,2025-07-09,2025-07-09 17:33:32
TKT-1944,Access to Shared Drive Denied,Medium,Closed,2025-04-27,2025-04-27 04:08:12
TKT-1945,Software Installation Request,Critical,Closed,2025-11-12,2025-11-12 03:36:41
TKT-1946,VPN Connection Failed,Medium,Closed,2025-11-03,2025-11-03 18:28:34
TKT-1947,Printer Jammed,Low,Open,2025-03-10,2025-03-10 13:54:35
TKT-1948,Printer Jammed,Low,Closed,2025-07-22,2025-07-22 04:38:45
TKT-1949,Laptop Screen Flickering,High,Closed,2025-07-21,2025-07-21 02:17:15
TKT-1950,Wi-Fi Access Issue,Medium,Resolved,2025-01-14,2025-01-14 22:07:34
TKT-1951,Access to Shared Drive Denied,Medium,Open,2025-08-11,2025-08-11 02:11:52
TKT-1952,System Slow Performance,Low,Resolved,2025-11-22,2025-11-22 11:54:52
TKT-1953,Printer Jammed,Medium,Closed,2025-12-05,2025-12-05 11:07:57
TKT-1954,Wi-Fi Access Issue,High,Closed,2025-08-03,2025-08-03 07:15:26
TKT-1955,Printer Jammed,Low,Open,2025-07-08,2025-07-08 10:26:08
TKT-1956,System Slow Performance,Medium,Open,2025-07-03,2025-07-03 23:05:58
TKT-1957,Email Not Syncing,Critical,In Progress,2025-02-06,2025-02-06 18:27:29
TKT-1958,VPN Connection Failed,Low,In Progress,2025-10-14,2025-10-14 11:49:14
TKT-1959,Password Reset Request,Medium,Closed,2025-02-11,2025-02-11 13:33:00
TKT-1960,Mouse/Keyboard Malfunction,Medium,Pending User Action,2024-12-16,2024-12-16 05:53:35
TKT-1961,Password Reset Request,High,Resolved,2025-11-21,2025-11-21 06:43:57
TKT-1962,Wi-Fi Access Issue,Critical,Closed,2025-08-21,2025-08-21 07:52:12
TKT-1963,Wi-Fi Access Issue,Medium,Resolved,2024-12-23,2024-12-23 18:57:56
TKT-1964,Email Not Syncing,High,Resolved,2025-10-02,2025-10-02 02:33:28
TKT-1965,Software Installation Request,Low,Pending User Action,2025-08-09,2025-08-09 20:52:53
TKT-1966,Software Installation Request,Low,Open,2025-03-06,2025-03-06 10:19:05
TKT-1967,Monitor Display Issue,Critical,Open,2025-03-15,2025-03-15 23:39:13
TKT-1968,Mouse/Keyboard Malfunction,High,Resolved,2025-05-19,2025-05-19 06:31:40
TKT-1969,System Slow Performance,High,In Progress,2025-09-19,2025-09-19 00:21:34
TKT-1970,Wi-Fi Access Issue,Low,Pending User Action,2025-09-26,2025-09-26 18:02:07
TKT-1971,Monitor Display Issue,Critical,Resolved,2025-05-25,2025-05-25 19:44:01
TKT-1972,Software Installation Request,Critical,Closed,2025-02-25,2025-02-25 15:33:18
TKT-1973,Access to Shared Drive Denied,Critical,In Progress,2025-09-04,2025-09-04 09:33:55
TKT-1974,Blue Screen Error,Low,Pending User Action,2025-06-20,2025-06-20 11:24:52
TKT-1975,VPN Connection Failed,Critical,Open,2025-03-18,2025-03-18 11:41:11
TKT-1976,Wi-Fi Access Issue,Low,Resolved,2025-09-21,2025-09-21 11:58:24
TKT-1977,Software Installation Request,Low,Pending User Action,2025-06-20,2025-06-20 11:08:06
TKT-1978,Wi-Fi Access Issue,Critical,Open,2025-01-06,2025-01-06 03:38:39
TKT-1979,Printer Jammed,Low,Closed,2025-06-26,2025-06-26 07:24:00
TKT-1980,Monitor Display Issue,Medium,Pending User Action,2025-05-20,2025-05-20 08:31:17
TKT-1981,Monitor Display Issue,Critical,Pending User Action,2025-10-03,2025-10-03 11:03:32
TKT-1982,Password Reset Request,Low,Open,2025-12-09,2025-12-09 19:30:33
TKT-1983,Laptop Screen Flickering,High,Open,2025-07-31,2025-07-31 18:39:30
TKT-1984,Blue Screen Error,Medium,Closed,2025-06-27,2025-06-27 16:32:45
TKT-1985,Email Not Syncing,Critical,Closed,2025-01-24,2025-01-24 10:12:48
TKT-1986,Email Not Syncing,Low,Open,2025-07-20,2025-07-20 22:16:39
TKT-1987,Wi-Fi Access Issue,Low,Pending User Action,2025-05-29,2025-05-29 09:40:06
TKT-1988,Blue Screen Error,High,Resolved,2025-11-28,2025-11-28 05:01:40
TKT-1989,Monitor Display Issue,Critical,Open,2025-02-20,2025-02-20 19:18:28
TKT-1990,Wi-Fi Access Issue,Low,Resolved,2024-12-19,2024-12-19 09:36:00
TKT-1991,System Slow Performance,Critical,In Progress,2025-01-10,2025-01-10 06:05:40
TKT-1992,Software Installation Request,Critical,Resolved,2025-04-30,2025-04-30 18:42:26
TKT-1993,Mouse/Keyboard Malfunction,Low,Open,2025-10-18,2025-10-18 02:38:08
TKT-1994,Printer Jammed,High,Open,2025-11-16,2025-11-16 11:44:43
TKT-1995,Software Installation Request,Critical,Pending User Action,2025-01-12,2025-01-12 02:30:55
TKT-1996,Email Not Syncing,Critical,Open,2025-02-06,2025-02-06 10:12:43
TKT-1997,VPN Connection Failed,Critical,Open,2025-04-05,2025-04-05 04:54:14
TKT-1998,Software Installation Request,Low,Open,2025-03-08,2025-03-08 22:09:33
TKT-1999,Password Reset Request,Critical,Open,2025-02-21,2025-02-21 11:21:14
